player_id,role_clean,shortName,learned_role_score
26136,Defender,B. Mendy,15.651835127352301
91702,Defender,J. Mojica,15.630971327046154
26499,Defender,A. Masuaku,15.585296332320208
6210,Defender,Aday,15.55890274583376
224593,Defender,J. Kimmich,15.531670279149589
278289,Defender,Odriozola,15.46245213616048
8306,Defender,A. Kolarov,15.460985146658013
3310,Defender,Marcelo,15.434296981413938
3281,Defender,Juan Bernat,15.42772658434095
24838,Defender,G. Letizia,15.404586125274324
144867,Defender,K. Malcuit,15.337975967218282
25785,Defender,S. Aurier,15.333349103556891
22889,Defender,D. Zappacosta,15.331668069862838
14775,Defender,B. Oczipka,15.330129159791866
135903,Defender,Jo\u00e3o Cancelo,15.304455143041492
37745,Defender,J. Lukaku,15.290662127873956
4908,Defender,Alberto Moreno,15.28607590485551
350976,Defender,B. Chilwell,15.256951936688457
8292,Defender,D. Rose,15.231352446464973
14718,Defender,Rafinha,15.1813256450936
258253,Defender,B. Henrichs,15.179000777761301
70084,Defender,Alex Sandro,15.151517415932126
356928,Defender,T. Handwerker,15.131167884283528
26945,Defender,M. Poundj\u00e9,15.12789444986923
344132,Defender,T. Hern\u00e1ndez,15.123166228317622
14724,Defender,D. Alaba,15.119926643121754
278867,Defender,S. Janko,15.119624491728079
346101,Defender,T. Alexander-Arnold,15.106479578744125
3334,Defender,Dani Alves,15.068935771698095
4501,Defender,Daniel Carvajal,15.059605505292845
230862,Defender,Lekue,15.059518909902998
3347,Defender,Sergi Roberto,15.058898562100454
337890,Defender,M. Mittelst\u00e4dt,15.05782738816743
4780,Defender,David Junc\u00e0,15.056448445221832
4936,Defender,David Sim\u00f3n,15.05408316935547
222770,Defender,N\u00e9lson Semedo,15.052947780816398
44251,Defender,Bruno Peres,15.043310768369457
101742,Defender,C. Ansaldi,15.029206065971344
477744,Defender,N. Cozza,15.021828142110364
214628,Defender,J. Amavi,15.003933332205404
25849,Defender,F. Ghoulam,15.002304732102129
70139,Defender,E. Ins\u00faa,14.994782610509882
29748,Defender,F. Chafik,14.989929855024393
402898,Defender,S. Miangue,14.9816683262639
25457,Defender,J. Roussillon,14.976965363569295
4094,Defender,Ander Capa,14.97215477113884
215281,Defender,A. Mbengue,14.967974085704737
28529,Defender,Y. Sabaly,14.966546844756177
222220,Defender,A. Robertson,14.963449312875133
396475,Defender,A. Hakimi,14.963375516616038
26498,Defender,K. Lala,14.953384290722902
3667,Defender,De La Bella,14.950596594805095
8135,Defender,L. Shaw,14.945488391292002
272338,Defender,L. Kl\u00fcnter,14.938369090377998
276979,Defender,F. Mendy,14.92915477800647
22107,Defender,M\u00e1rio Rui,14.922571233169728
40301,Defender,Lucas Lima,14.91206414112001
216074,Defender,C. G\u00fcnter,14.900614036588633
5383,Defender,To\u00f1o,14.899919988662255
3325,Defender,Juanfran,14.895931527514538
4452,Defender,Yuri Berchiche,14.895287494927578
37824,Defender,T. Meunier,14.888965141585901
8945,Defender,K. Trippier,14.878994033083833
110,Defender,J. Willems,14.878860741904555
8192,Defender,M. Olsson,14.877255667113099
242446,Defender,L. Dubois,14.8604644302349
167145,Defender,Beller\u00edn,14.857761432915797
189821,Defender,M. Zeegelaar,14.857099851668755
8277,Defender,K. Walker,14.852759980992165
209012,Defender,K\u00e9vin Rodrigues,14.849450930061344
134420,Defender,F. Costa,14.846716735330103
28335,Defender,R. Aguilar,14.845005710397908
263105,Defender,Pablo Maffeo,14.840981237250041
343685,Defender,William,14.832830848421745
298212,Defender,Dalbert,14.824805953908731
14904,Defender,J. Sala,14.823881129686052
8240,Defender,S. Coleman,14.823440236865544
341973,Defender,N. Mukiele,14.819414520273108
224965,Defender,R. Framberger,14.818351643580847
1712,Defender,K. Tete,14.812614059145579
3434,Defender,Filipe Luis,14.808849335985299
70451,Defender,Luisinho,14.795607181781028
28908,Defender,F. Guilbert,14.793367335805144
14922,Defender,R. Rodr\u00edguez,14.792559304828776
25701,Defender,L. Digne,14.787606305522338
7938,Defender,A. Valencia,14.785459277679571
20465,Defender,S. Lichtsteiner,14.781686537247554
82487,Defender,P. Kade\u0159\u00e1bek,14.78143176716287
25638,Defender,D. Foulquier,14.77963431169727
426702,Defender,H. Mendyl,14.77934927576873
143566,Defender,Douglas Santos,14.779167143588872
388398,Defender,G. Pezzella,14.778933190754403
222766,Defender,Bruno Gaspar,14.778705024304793
136441,Defender,B. Davies,14.77751027570915
203113,Defender,I. Sylla,14.777273296278771
393214,Defender,V. Rosier,14.772269596895313
228639,Defender,Y. Gerhardt,14.770674327430715
403449,Defender,Rog\u00e9rio,14.770039809098227
50800,Defender,Miiko Albornoz,14.769239466001453
20855,Defender,E. Schelotto,14.765215677533819
341751,Defender,Marc Navarro,14.763502350941103
20436,Defender,Jos\u00e9 \u00c1ngel,14.759225538160665
26633,Defender,A. Souquet,14.756177838198159
3827,Defender,Hugo Mallo,14.755025218840547
15399,Defender,D. Brosinski,14.753891971115106
7885,Defender,R. Bertrand,14.749034286796109
15139,Defender,T. Chandler,14.748524683625197
92899,Defender,J. Holebas,14.745554876993378
300784,Defender,Jorge,14.745449888915962
257028,Defender,D. Calabria,14.74410421030835
28907,Defender,Rapha\u00ebl Guerreiro,14.741698070138803
14852,Defender,Sergio Escudero,14.734325361610637
9280,Defender,S. Malone,14.732817004207126
149389,Defender,J. Toljan,14.722933224928981
40657,Defender,Wendell,14.71983310192766
70083,Defender,Danilo,14.718891239369478
49971,Defender,M. Bauer,14.718071765706176
7920,Defender,Rafael,14.717548206406326
38079,Defender,D. Opare,14.716343916489626
146590,Defender,F. Mattiello,14.714327022406849
221411,Defender,P. Max,14.709328569041999
105361,Defender,I. Strini\u0107,14.709305328473938
7939,Defender,A. Young,14.707719584372803
20803,Defender,M. Aguirregaray,14.706105415435234
257899,Defender,J. Gomez,14.702973780943553
20434,Defender,A. Rosi,14.696398912622302
21001,Defender,E. Hysaj,14.695669803911064
149091,Defender,M. Tisserand,14.693465823216957
50069,Defender,S. Widmer,14.692070913760658
26196,Defender,D. Sidib\u00e9,14.6920584388972
3339,Defender,Montoya,14.690482410025519
3270,Defender,Barrag\u00e1n,14.68953630544304
9285,Defender,C. Daniels,14.68950489316059
15798,Defender,A. Beck,14.688051469416983
417231,Defender,C. Adjapong,14.68780148300484
14798,Defender,\u0141. Piszczek,14.686684945703828
14888,Defender,D. Diekmeier,14.68546612734701
282550,Defender,F. Hadergjonaj,14.684568387828257
8032,Defender,Marcos Alonso,14.682346305135987
295176,Defender,R. Gosens,14.67302215102979
14772,Defender,D. da Costa,14.672137718629562
20575,Defender,D. Basta,14.671731788605863
3269,Defender,Jordi Alba,14.665711856624217
328488,Defender,P. Burner,14.665320017353165
149101,Defender,A. Tour\u00e9,14.662459805934203
21173,Defender,C. Maggio,14.659398626697028
120717,Defender,O. Haddadi,14.656225423122203
4424,Defender,Jonny,14.656102244085478
354123,Defender,Pol Lirola,14.647448869630756
3421,Defender,De Marcos,14.646130878236974
8460,Defender,A. Smith,14.641950163433478
20395,Defender,M. De Sciglio,14.638358206436807
280419,Defender,H. Hateboer,14.632136672977776
3798,Defender,D\u00eddac Vil\u00e1,14.62899295545023
14869,Defender,S. Kola\u0161inac,14.606829748697237
70981,Defender,Mar\u00e7al,14.606326753861998
3534,Defender,Jaume Costa,14.605094775242819
25700,Defender,M. Debuchy,14.601867487983162
18669,Defender,J. Hector,14.60002725671094
25433,Defender,M. Bodmer,14.598676425285127
263803,Defender,T. Castagne,14.591579005423263
282438,Defender,Aar\u00f3n,14.58809418543138
3351,Defender,Kiko Femen\u00eda,14.585988934216665
30320,Defender,O. El Hajjam,14.575328970564774
8336,Defender,K. Naughton,14.573141601127219
11078,Defender,T. Smith,14.572841562136963
21842,Defender,C. Biraghi,14.572492551736909
70086,Defender,N. Otamendi,14.571146380507138
56009,Defender,R. Durmisi,14.57069033616512
70389,Defender,C\u00e9dric Soares,14.569973037158428
14796,Defender,C. L\u00f6we,14.568458959806373
4892,Defender,Jos\u00e9 Gay\u00e1,14.568222832746784
3355,Defender,J. Mascherano,14.566580552538195
14800,Defender,M. Schmelzer,14.56363140901113
22152,Defender,M. Gazzola,14.560332066953922
3806,Defender,Javi L\u00f3pez,14.558686932474862
3460,Defender,Coke,14.558677840978897
20495,Defender,M. Gobbi,14.557094056020908
7982,Defender,D. Santon,14.555278169539108
69409,Defender,\u0160. Vrsaljko,14.553584283432404
391441,Defender,M. Friedl,14.553392045310504
21607,Defender,F. Cacciatore,14.548392658602362
218971,Defender,A. Lazaar,14.539347697116913
134540,Defender,L. Kurzawa,14.534313405364754
9164,Defender,C. Taylor,14.532235021107331
364850,Defender,J. Firpo,14.53214852915583
286917,Defender,F. Tour\u00e9,14.53179493990707
20516,Defender,D. Faraoni,14.526874031942993
169002,Defender,Diego Rico,14.523499952587144
236528,Defender,N. Elvedi,14.520516252089696
14749,Defender,G. Sakai,14.516748350908433
25399,Defender,M. Zeffane,14.511990185398679
25919,Defender,J. Palmieri,14.511670588329537
25452,Defender,S. Corchia,14.511548853949252
272378,Defender,P. Stenzel,14.510792173666927
22185,Defender,B. Martella,14.508045832009758
8501,Defender,J. Schlupp,14.504478773339784
25526,Defender,J. Martins-Pereira,14.501983675611438
51217,Defender,L. Augustinsson,14.501758666011186
4238,Defender,M\u00edchel,14.500117719472614
25625,Defender,L. Baal,14.488211906485525
300373,Defender,A. Barreca,14.484991782796623
5281,Defender,A. Nyom,14.479344438451415
112366,Defender,M. Lay\u00fan,14.479217139780488
28528,Defender,J. Ikoko,14.475523475507721
8221,Defender,J. Ward,14.472531672963957
21578,Defender,G. Di Chiara,14.472455069906921
32959,Defender,P. Pekar\u00edk,14.472238539841536
7853,Defender,K. Gibbs,14.467024900007731
6281,Defender,Zald\u00faa,14.466726762798334
232822,Defender,A. Masina,14.464013170421802
278007,Defender,F. Ricca,14.463985257144175
286825,Defender,J. Kenny,14.462349558713287
284960,Defender,L. Venuti,14.462055347430372
18579,Defender,M. Halstenberg,14.461792184913334
393228,Defender,M. Sarr,14.458655420428292
135901,Defender,Pedro Rebocho,14.458483115091422
21550,Defender,Gabriel Silva,14.453111860392937
8643,Defender,M. Lowton,14.45114991026681
25846,Defender,Y. Andreu,14.448272850051138
3529,Defender,Mario,14.447450028844674
25990,Defender,M. Deplagne,14.444615841148083
15039,Defender,K. Rausch,14.44305699204591
334720,Defender,R. Bensebaini,14.44057778812444
3447,Defender,Juanfran,14.438869484626673
3750,Defender,Balenziaga,14.43773409169147
15125,Defender,M. Plattenhardt,14.435873197610126
269188,Defender,P. Jaroszy\u0144ski,14.435842065241976
25427,Defender,C. Jallet,14.432576959870625
206318,Defender,D. Biraschi,14.431373691991984
396616,Defender,R. Pierre-Gabriel,14.427205670850116
15772,Defender,M. Ostrzolek,14.426461077915949
20927,Defender,L. De Silvestri,14.425276379674154
21469,Defender,G. Donati,14.42503470507972
3735,Defender,Juankar,14.423202286031723
20390,Defender,I. Abate,14.421330242163183
25553,Defender,Azpilicueta,14.414007172548605
160,Defender,D. Janmaat,14.413489696564302
15952,Defender,E. Bi\u010dak\u010di\u0107,14.410858491697882
48,Defender,J. Vertonghen,14.409107661744992
105523,Defender,Danilo Avelar,14.404409927513331
8268,Defender,B. Assou-Ekotto,14.400288449546329
7858,Defender,B. Sagna,14.400056594933107
14853,Defender,C. Fuchs,14.399484758080984
4371,Defender,Dani Castellano,14.398640056426581
252365,Defender,D. Yedlin,14.397847092219832
14745,Defender,C. Molinaro,14.391438236325637
228963,Defender,H. Traor\u00e9,14.389523717295711
64966,Defender,M. Suttner,14.386824673767133
3335,Defender,Bartra,14.385236893408681
26135,Defender,M. Le Marchand,14.383444511333325
99833,Defender,B. Bereszy\u0144ski,14.379777710637287
258252,Defender,L. Klostermann,14.378542501723711
15775,Defender,P. Verhaegh,14.368560650698003
8582,Defender,A. Cresswell,14.368408067579036
26368,Defender,A. Bamba,14.368169826708101
254,Defender,R. Rosales,14.36287064450435
92900,Defender,C. Lykogiannis,14.362837158700088
4786,Defender,Iv\u00e1n Balliu,14.361714057896549
4326,Defender,Tito,14.358200551752372
131184,Defender,Ali Adnan,14.357623433890028
14795,Defender,M. Hummels,14.357211919816177
26055,Defender,J. Ielsch,14.355750423913667
397028,Defender,D. Zagadou,14.354787600232314
21094,Defender,D. D'Ambrosio,14.353503100880285
297957,Defender,M. Akanji,14.353419268989468
14771,Defender,V. \u0106orluka,14.353022082779342
27958,Defender,T. Pellenard,14.348576897015631
8433,Defender,S. Ward,14.347918513176458
26495,Defender,G. Bong,14.343550800838742
223516,Defender,R. Bauer,14.340293637655437
22313,Defender,V. Laurini,14.339047052661323
14885,Defender,D. Aogo,14.338783978548923
279545,Defender,L. Hern\u00e1ndez,14.335630838858947
16884,Defender,J. Korb,14.335392575746626
3278,Defender,Bruno Saltor,14.335298239284008
21004,Defender,V. Regini,14.334798931017986
3920,Defender,Pedro L\u00f3pez,14.333002088063816
3560,Defender,Nacho Monreal,14.332211603876637
208865,Defender,Bastos,14.319483836275856
355937,Defender,M. Holgate,14.318165440903282
326535,Defender,Toni Lato,14.31468932890403
8516,Defender,P. Bardsley,14.314350742382592
340,Defender,Cuco Martina,14.313116666136143
107,Defender,E. Pieters,14.309546788213016
85113,Defender,A. To\u0219ca,14.309184177880875
29588,Defender,E. Seka,14.30664131392431
8239,Defender,L. Baines,14.305243892513225
20550,Defender,\u015e. Radu,14.304637587003837
3671,Defender,\u00cd\u00f1igo Mart\u00ednez,14.302596600805385
454,Defender,P. van Aanholt,14.300453129600662
26024,Defender,W. Lautoa,14.29727292999677
9279,Defender,S. Francis,14.289592735083165
25534,Defender,I. Cissokho,14.28903509029688
344178,Defender,P. Retsos,14.288596276394784
20517,Defender,Y. Nagatomo,14.284727525913004
282799,Defender,S. Posch,14.283750867875165
231138,Defender,P. Kimpembe,14.28330491485102
14716,Defender,J. Boateng,14.279578580008899
94695,Defender,H. Sakai,14.279493035604345
97555,Defender,T. Tawatha,14.277707465939853
49919,Defender,F. Moubandje,14.275581707980953
26265,Defender,V. Manceau,14.274485851633562
15014,Defender,O. Wendt,14.26766504337497
489488,Defender,Mart\u00edn,14.266600889454045
4086,Defender,B\u00f3veda,14.26596055086466
3974,Defender,D. Su\u00e1rez,14.265459702915905
393284,Defender,C. Traor\u00e9,14.264344867140164
25637,Defender,R. Danz\u00e9,14.263351297980568
8313,Defender,P. Zabaleta,14.261488060752075
99661,Defender,T. Cionek,14.257118654890457
93000,Defender,Antunes,14.254410346689323
20460,Defender,M. C\u00e1ceres,14.249731716074107
132,Defender,T. Kongolo,14.249352951973425
92908,Defender,V. Torosidis,14.248041802135662
296341,Defender,Bernardo,14.245733037957633
14988,Defender,O. Sorg,14.242694493110841
14855,Defender,B. H\u00f6wedes,14.241372982625364
225996,Defender,Diego Llorente,14.240247652990275
376362,Defender,Luiz Felipe,14.238844909340186
15019,Defender,T. Jantschke,14.238214028961542
284524,Defender,J. Horn,14.237211561732206
20612,Defender,S. Mustafi,14.234932499365756
70959,Defender,Edgar I\u00e9,14.234728252534396
225022,Defender,Rub\u00e9n Duarte,14.233304626604328
77,Defender,N. Moisander,14.232353139269208
41034,Defender,Rafael Tol\u00f3i,14.229117816194822
3526,Defender,M. Musacchio,14.227825459560021
3408,Defender,Saborit,14.226274683149638
3300,Defender,Albiol,14.224421772036616
82340,Defender,T. Gebre Selassie,14.222288162690909
26307,Defender,A. Mandi,14.21899733288165
8307,Defender,V. Kompany,14.216805829543933
83575,Defender,V. Chiriche\u0219,14.215195162148717
209207,Defender,J. Obiang,14.214277804724574
20866,Defender,D. Astori,14.212450668920257
260250,Defender,Wallace,14.211839431040675
410062,Defender,J. Kound\u00e9,14.207545810594064
21872,Defender,L. Antei,14.202017742944605
3531,Defender,C. Zapata,14.20045411681699
20869,Defender,N. Murru,14.199982491322828
7915,Defender,P. Evra,14.188358667166456
3341,Defender,Piqu\u00e9,14.18670515267204
3644,Defender,Bigas,14.185534476073268
240559,Defender,J. Riedewald,14.184128922263726
14748,Defender,A. R\u00fcdiger,14.18319806978617
250899,Defender,Carlos Vigaray,14.183080541916974
340646,Defender,B. Pavard,14.181260901650639
248950,Defender,Samir,14.179431529941533
3340,Defender,Muniesa,14.178866324720213
263433,Defender,A. Ferrari,14.178592588130407
8653,Defender,H. Maguire,14.177621386569008
14687,Defender,S. Papastathopoulos,14.176518622314353
26138,Defender,J. Rivierez,14.172597623965162
397168,Defender,T. Fosu-Mensah,14.170800245858137
16843,Defender,D. Heintz,14.167919959814606
22377,Defender,I. M'baye,14.163114870825915
3795,Defender,H. Moreno,14.161225604083112
134383,Defender,N. S\u00fcle,14.158089105845235
3856,Defender,Molinero,14.157212109100957
171283,Defender,C. Chambers,14.152041523892121
3436,Defender,Javi Manquillo,14.14822976732105
344068,Defender,Unai N\u00fa\u00f1ez,14.146870942275386
3464,Defender,Luna,14.140641459982227
352986,Defender,K. Amian,14.138611353841469
15214,Defender,A. Rukavina,14.136879039911847
3828,Defender,Ra\u00fal Navas,14.135637902773375
25726,Defender,K. Koulibaly,14.133897386810595
26433,Defender,J. Cordoval,14.128670937829497
36,Defender,T. Alderweireld,14.127917228705698
258263,Defender,V. Jovanovi\u0107,14.127184315197491
235606,Defender,T. Kehrer,14.126081580093908
272434,Defender,W. Anton,14.123179711791924
26528,Defender,R. Genevois,14.120782365767367
20842,Defender,F. Peluso,14.120165035586826
214710,Defender,B. Dibassy,14.120101570735072
51064,Defender,E. Krafth,14.115975250708923
14887,Defender,J. Bruma,14.109138044671326
228768,Defender,J. Tah,14.108969435016435
212604,Defender,T. Jedvaj,14.107262849302346
9097,Defender,L. Dunk,14.106205652151335
6513,Defender,Ra\u00fal Garc\u00eda,14.10548453919818
4805,Defender,Arbilla,14.105155932863202
344864,Defender,C. S\u00f6y\u00fcnc\u00fc,14.100846719722929
235450,Defender,A. Diallo,14.098980211200136
25523,Defender,K. Djidji,14.098788639134494
268776,Defender,W. Hoedt,14.098536180280966
54451,Defender,B. S\u00e6varsson,14.097915506083137
86220,Defender,G. Mercado,14.092138025950343
14991,Defender,M. Ginter,14.082128243216886
337682,Defender,F. Uduokhai,14.081161488204694
86183,Defender,F. Roncaglia,14.077981080832501
14803,Defender,S. Bender,14.075061243421148
366217,Defender,K. Danso,14.075045307196378
292654,Defender,M. Diakhaby,14.07464798542157
21373,Defender,S. Romagnoli,14.072369565946019
230857,Defender,Yeray,14.068181198698849
26373,Defender,S. Souprayen,14.067168287069247
340476,Defender,R. Oxford,14.064695050067053
9380,Defender,J. Stones,14.063956172920195
25937,Defender,F. Bellugou,14.062944067875112
130,Defender,S. de Vrij,14.062390645770146
149019,Defender,D. Simpson,14.058559432864756
20461,Defender,G. Chiellini,14.056099849591364
134502,Defender,A. Laporte,14.05517835686169
15103,Defender,F. Lustenberger,14.054775932121363
25643,Defender,K. Th\u00e9ophile Catherine,14.049201055593867
7887,Defender,G. Cahill,14.047686332231155
26021,Defender,S. Falette,14.047299630179888
49859,Defender,A. Dragovi\u0107,14.045399471565032
7978,Defender,P. Dummett,14.044825165825488
3304,Defender,Nacho,14.040032937768329
25589,Defender,L. San\u00e9,14.039519842843546
25791,Defender,S. Yago,14.038335189338639
15719,Defender,B. H\u00fcbner,14.036159910535133
70088,Defender,Rolando,14.035384685682068
14870,Defender,J. Matip,14.034650686244722
241966,Defender,G. Jung,14.033952980207221
134392,Defender,K. Akpoguma,14.032406780534028
7892,Defender,David Luiz,14.031069363090992
4355,Defender,David Garc\u00eda,14.030572605513859
93003,Defender,D. Siovas,14.026967552374831
278288,Defender,Aritz Elustondo,14.026358012033297
221172,Defender,A. Hack,14.022748772249614
25786,Defender,D. Congr\u00e9,14.020069351665578
14715,Defender,H. Badstuber,14.01807012809982
4272,Defender,Ximo Navarro,14.01745264770875
25710,Defender,A. Soumaoro,14.016335698373847
50007,Defender,B. Djimsiti,14.01632035272888
22883,Defender,A. Izzo,14.013948388177157
3337,Defender,Font\u00e0s,14.012218350820563
21279,Defender,E. Moretti,14.01015950205239
3306,Defender,Sergio Ramos,14.006777441352753
235597,Defender,T. Baumgartl,14.002555412660431
14778,Defender,\u00d6. Toprak,14.001736847244592
284,Defender,M. van der Hoorn,14.000429571822275
20677,Defender,A. Raggi,13.999143534082446
256634,Defender,Y. Mina,13.999008936795281
3788,Defender,Jordi Amat,13.997394059296859
215036,Defender,C. Yamber\u00e9,13.995940755082852
20841,Defender,A. Masiello,13.995342552781498
7855,Defender,L. Koscielny,13.99526260429849
370,Defender,V. van Dijk,13.992886090687302
25784,Defender,A. Abdennour,13.991040472009349
92966,Defender,K. Manolas,13.990375350388172
346913,Defender,G. Mancini,13.99014659828006
14801,Defender,N. Suboti\u0107,13.988536120527074
14917,Defender,R. Knoche,13.987773837651382
7914,Defender,J. Evans,13.985569244934219
50805,Defender,F. Helander,13.985006370692982
283832,Defender,F. Romagna,13.984357465959539
26115,Defender,S. San\u00e9,13.9835287504226
3791,Defender,Z. Feddal,13.983390560391223
49979,Defender,D. Pavlovic,13.97948479938197
15806,Defender,J. Vestergaard,13.976432560034286
15010,Defender,Dante,13.975580118582151
8136,Defender,J. Stephens,13.973984210525114
336829,Defender,R. Koch,13.97386568036473
50102,Defender,F. Sch\u00e4r,13.97255364829287
14842,Defender,K. Vogt,13.967472695817094
65075,Defender,M. Hinteregger,13.966915706459636
213308,Defender,J. Alonso,13.965279192728186
146569,Defender,M. Kempf,13.964926623993943
25397,Defender,S. Umtiti,13.964897531526836
286380,Defender,I. Diop,13.964299276165894
8126,Defender,Jos\u00e9 Fonte,13.964202487733253
20609,Defender,A. Costa,13.962785104640378
211853,Defender,R\u00faben Vezo,13.962573022180209
15449,Defender,M. Mavraj,13.962053088761275
29616,Defender,P. Martinez,13.961078963039302
266286,Defender,Marlon,13.957879178716581
8309,Defender,K. Rekik,13.957085928465485
49856,Defender,D. Abraham,13.957031087647069
18670,Defender,L. K\u00fcbler,13.955860609302977
25393,Defender,D. Lovren,13.95567008220499
4303,Defender,David L\u00f3pez,13.954824309875693
8360,Defender,C. Dawson,13.950053413299667
25947,Defender,B. Sankoh,13.94916422358034
26399,Defender,D. Da Silva,13.947150369658399
3970,Defender,G\u00e1lvez,13.94682287293368
40538,Defender,Leandro Cast\u00e1n,13.946047248602316
4792,Defender,Patric,13.946016137458134
3463,Defender,F. Fazio,13.94373285979338
25524,Defender,P. Djilobodji,13.943578173367621
255387,Defender,C. Salcedo,13.943243987308858
7957,Defender,G. Johnson,13.943142153942441
3338,Defender,Sergi G\u00f3mez,13.942179299293796
3523,Defender,F. Lejeune,13.939061717453733
3916,Defender,G. Cabral,13.938793709956153
20723,Defender,B. Salamon,13.938674790907063
38532,Defender,E. Zukanovi\u0107,13.936062929486864
372904,Defender,K. Dabila,13.935714898861626
20394,Defender,Thiago Silva,13.934459741058571
101652,Defender,M. Rojo,13.933068259325795
173212,Defender,N. Stark,13.932615391696263
8889,Defender,A. Mariappa,13.931845734988853
25430,Defender,M. Sakho,13.929829522401606
138408,Defender,M. \u0160kriniar,13.929100482506852
146588,Defender,A. Romagnoli,13.92888047202867
257762,Defender,D. S\u00e1nchez,13.928599027569874
3308,Defender,Pedro Mendes,13.928558194898653
20928,Defender,Felipe,13.927958084619826
11095,Defender,M. Veljkovic,13.92522905775974
21370,Defender,M. Capuano,13.92377916311991
71703,Defender,V. Lindel\u00f6f,13.921916105572915
20459,Defender,L. Bonucci,13.918904100311567
229427,Defender,A. Djiku,13.917233084795244
8553,Defender,W. Reid,13.916582945646665
21160,Defender,M. Britos,13.914111287195613
86328,Defender,G. Pezzella,13.909836376870338
56026,Defender,J. Stryger Larsen,13.909254655664038
134102,Defender,N. Ak\u00e9,13.906077853539356
25558,Defender,N. N'Koulou,13.905120373669742
352988,Defender,D. Upamecano,13.902577877154268
58978,Defender,G. Cameron,13.902574400545712
159,Defender,J. Gouweleeuw,13.900777106708338
25557,Defender,J. Morel,13.898872787589742
37726,Defender,C. Mbemba,13.898852355367724
286915,Defender,F. Eboa Eboa,13.896681163054868
4003,Defender,Miguel Torres,13.893159980101702
135103,Defender,A. Christensen,13.891980628575242
290119,Defender,M. Niakhat\u00e9,13.891615075359606
8186,Defender,S. Dann,13.891537228900397
102,Defender,Marcelo,13.891051858276725
25943,Defender,C. Kerbrat,13.890191322230017
247169,Defender,Diego Gonz\u00e1lez,13.889600932026003
7860,Defender,T. Vermaelen,13.888461835872429
22732,Defender,F. Pisacane,13.887564743714297
20748,Defender,N. Tomovi\u0107,13.884462031883265
9277,Defender,S. Cook,13.883186536559496
3276,Defender,A. Rami,13.882089118055605
20635,Defender,F. Acerbi,13.8817602863675
275384,Defender,Jorge Mer\u00e9,13.881540619974311
20579,Defender,M. Benatia,13.880609751665475
19720,Defender,M. Gulde,13.879753478529995
135788,Defender,J. Elez,13.878625366418882
288663,Defender,M. Caldara,13.875518074552744
246866,Defender,A. Mawson,13.869087372972622
15122,Defender,D. Maroh,13.861551693237985
270866,Defender,Diego Carlos,13.86119165501991
3309,Defender,R. Varane,13.858709182426365
6365,Defender,Bustinza,13.858402696896476
21280,Defender,M. Sampirisi,13.857971695443764
16443,Defender,L. Balogun,13.850911521411039
370224,Defender,R. Holding,13.850389589095625
9433,Defender,J. Tarkowski,13.849355692501117
26374,Defender,C. Varrault,13.84917692200231
22270,Defender,G. Ferrari,13.846315684840045
20518,Defender,Juan Jesus,13.846247499371035
8833,Defender,J. Lascelles,13.845619208647335
292991,Defender,M. Lemos,13.84245059590318
250805,Defender,Djen\u00e9,13.839404182688638
20458,Defender,A. Barzagli,13.838980345058175
134427,Defender,D. Rugani,13.83843108369999
14688,Defender,S. Pr\u00f6dl,13.838418229859057
365441,Defender,R. van Drongelen,13.837613512392581
366563,Defender,V. Selimovic,13.834827080585839
379209,Defender,D. Rice,13.832898342008246
20811,Defender,M. Silvestre,13.831967906467977
3407,Defender,Ramalho,13.830859619543894
3642,Defender,Ramis,13.82942996504226
32577,Defender,Sidnei,13.828051124489743
41127,Defender,Pablo,13.822037647020197
14857,Defender,K. Papadopoulos,13.821761944377917
7922,Defender,C. Smalling,13.813880140813344
3465,Defender,Fernando Navarro,13.813725656932817
21095,Defender,M. Darmian,13.812039705371957
29291,Defender,J. Giraudon,13.8116249659943
40539,Defender,Marquinhos,13.81157393085666
364772,Defender,C. Awaziem,13.809726378264832
15215,Defender,C. Schindler,13.809482163493833
3496,Defender,Sergio Postigo,13.80934947063367
70085,Defender,E. Mangala,13.808692229438515
8944,Defender,B. Mee,13.807757748972474
3277,Defender,V\u00edctor Ru\u00edz,13.807319418964713
7919,Defender,M. Keane,13.807011496804275
15069,Defender,W. Orban,13.806758099374328
69396,Defender,D. Vida,13.806349421075591
3431,Defender,Jo\u00e3o Miranda,13.804756644255416
703,Defender,M. Yoshida,13.804164533268764
25864,Defender,L. Perrin,13.802871244657766
301013,Defender,J. Gelin,13.7994776871038
9403,Defender,C. Cathcart,13.797697993824922
410055,Defender,Rober,13.796604800539635
263432,Defender,F. Vicari,13.793606856156858
134503,Defender,C. Lenglet,13.79151687381939
86366,Defender,J. Palomino,13.791069283417656
41124,Defender,Naldo,13.788869338637705
263766,Defender,Jemerson,13.788459856708686
4232,Defender,Pedro Alcal\u00e1,13.786337418667106
7918,Defender,P. Jones,13.78544886953498
68085,Defender,C. Kabasele,13.783933653648907
20680,Defender,F. S\u00f8rensen,13.783736820748716
70507,Defender,Paulo Oliveira,13.78255756029288
20932,Defender,M. Nastasi\u0107,13.782024797021363
26134,Defender,P. Gouano,13.780536869613963
8004,Defender,C. Clark,13.780496229036755
20707,Defender,S. De Maio,13.778755925931621
25641,Defender,K. Mangane,13.778533691246878
74,Defender,R. Klavan,13.776174742355286
21275,Defender,A. Granqvist,13.775272474582554
25878,Defender,T. Heurtaux,13.772988099304182
65254,Defender,K. Wimmer,13.772100181224022
394,Defender,B. Nuytinck,13.765870675944957
8245,Defender,P. Jagielka,13.76223224547118
3433,Defender,D. God\u00edn,13.761455814112253
275121,Defender,J. Torunarigha,13.759903573918637
20638,Defender,D. Dainelli,13.75726580369411
25854,Defender,K. Zouma,13.755962953590641
55979,Defender,M. J\u00f8rgensen,13.751392936141523
20519,Defender,A. Ranocchia,13.745958113920526
256998,Defender,E. Bailly,13.742991942110606
44510,Defender,Vitor Hugo,13.741063657735024
393247,Defender,I. Konat\u00e9,13.740481939728113
41363,Defender,Gabriel,13.740099579796686
26332,Defender,P. Baysse,13.739583874197432
208694,Defender,Rodrigo Ely,13.738069634494337
25993,Defender,Hilton,13.737410018270497
4358,Defender,Laguardia,13.73589470035471
21639,Defender,L. Ceppitelli,13.732681111451605
25423,Defender,M. Bi\u0161evac,13.729074071671894
21528,Defender,F. Ceccherini,13.728821241781787
125286,Defender,G. Gonz\u00e1lez,13.727996691506135
21164,Defender,F. Fern\u00e1ndez,13.725955182781117
28314,Defender,C. H\u00e9relle,13.72593465447471
339964,Defender,Y. Salmier,13.723740008227862
29474,Defender,R. Thomas,13.721808191091448
55983,Defender,R. Sigur\u00f0sson,13.720344211839878
3885,Defender,L. Cabrera,13.720154917575817
15771,Defender,S. Langkamp,13.7191979806885
14689,Defender,Naldo,13.71915260420855
3466,Defender,Alexis,13.717719098406068
227894,Defender,J. Gim\u00e9nez,13.714042511231586
20636,Defender,M. Andreolli,13.713793629213615
7302,Defender,Albentosa,13.7124148304633
255732,Defender,P. Lienhart,13.710775018571724
4065,Defender,J. Murillo,13.703541768232258
5472,Defender,Luis Hern\u00e1ndez,13.703221557200878
25883,Defender,J. Sorbon,13.700985222384329
20776,Defender,L. Rossettini,13.698760991814224
99410,Defender,M. Kami\u0144ski,13.697600678627646
18974,Defender,J. Brooks,13.697258561619757
424241,Defender,N. Milenkovi\u0107,13.697100855975643
22677,Defender,G. Angella,13.692128737107742
20393,Defender,D. Bonera,13.691574133944316
213124,Defender,Chema,13.690012587449985
3695,Defender,\u00c1lvaro Gonz\u00e1lez,13.689025582024916
25392,Defender,B. Kon\u00e9,13.688729774862178
3305,Defender,Pepe,13.685402419199338
119951,Defender,Ahmed Hegazy,13.683470824021217
144884,Defender,C. Jullien,13.682610757118058
69525,Defender,M. Pavlovi\u0107,13.6801201091378
134,Defender,B. Martins Indi,13.67880568904766
4180,Defender,Lomb\u00e1n,13.673185750432728
8242,Defender,S. Duffy,13.67157262707641
20433,Defender,S. Kj\u00e6r,13.67015475747227
15178,Defender,S. Bell,13.667274889708827
20808,Defender,E. Mu\u00f1oz,13.662004682684062
192,Defender,J. Vukovi\u0107,13.661063195170524
246059,Defender,E. Goldaniga,13.660458755264338
20429,Defender,N. Burdisso,13.659792077996643
8311,Defender,S. Savi\u0107,13.659558890258596
20929,Defender,A. Gamberini,13.654400363311288
22093,Defender,A. Caracciolo,13.651689737735293
21097,Defender,K. Glik,13.650277950832006
8362,Defender,G. McAuley,13.650242124069912
240032,Defender,J. Bednarek,13.649306535873789
366581,Defender,J. Gnagnon,13.64833566597663
8488,Defender,W. Morgan,13.646660320482242
14923,Defender,M. Russ,13.643366646138817
279533,Defender,Mario Hermoso,13.635040634008512
215869,Defender,M. Bani,13.634194750261479
8554,Defender,J. Tomkins,13.633207725741304
20583,Defender,Danilo,13.631465192173096
278049,Defender,E. Cabaco,13.630706013350267
125250,Defender,\u00d3. Duarte,13.626296808337495
21100,Defender,A. Ogbonna,13.625530917697512
7857,Defender,Miquel,13.621641567216862
4360,Defender,Juanpe,13.619010465862834
25957,Defender,K. Ad\u00e9non,13.61391094335067
112377,Defender,O. Vizcarrondo,13.612777758054287
14990,Defender,F. Diagne,13.611563227269139
21072,Defender,N. Spolli,13.607430829728784
49857,Defender,A. Ajeti,13.603689704086992
10108,Defender,K. Long,13.600381334630448
77546,Defender,A. Williams,13.59744799423706
26086,Defender,I. Traor\u00e9,13.591010786339032
86716,Defender,M. Dos Santos,13.589157854769253
3692,Defender,Bernardo Espinosa,13.577879912348154
20637,Defender,B. Cesar,13.572250078739046
7958,Defender,M. Kelly,13.572096946778895
26276,Defender,N. Pallois,13.553725444512791
5653,Defender,M. Mantovani,13.552235005087729
224080,Defender,G. Marip\u00e1n,13.546955923772462
70112,Defender,E. Garay,13.54341179789445
137048,Defender,S. Simi\u010d,13.542956400899016
8731,Defender,R. Shawcross,13.53416268928737
70711,Defender,Mexer,13.533154398315357
21162,Defender,P. Cannavaro,13.52977270351263
3468,Defender,Juan Cala,13.516521514442706
22614,Defender,F. Lucioni,13.514574109347937
134951,Defender,L. Lacroix,13.51448172791604
267185,Defender,C. Dell'Orco,13.49962373911023
8005,Defender,J. Collins,13.484404720849373
101583,Defender,S. Ignashevich,13.483315529104155
5677,Defender,Bruno,13.358842544782291
21385,Forward,L. Insigne,24.630933667253384
3359,Forward,L. Messi,24.211199145978046
40810,Forward,Neymar,24.090390965905453
3802,Forward,Philippe Coutinho,23.64823611138318
25707,Forward,E. Hazard,23.251687700181545
3425,Forward,Muniain,22.978709741006806
25770,Forward,F. Thauvin,22.970186635178706
89186,Forward,P. Dybala,22.930268444018456
20820,Forward,J. Ili\u010di\u0107,22.89800586604774
70975,Forward,Bruma,22.78265345489897
3361,Forward,A. S\u00e1nchez,22.49183837353173
15051,Forward,L. Stindl,22.4549254751875
353833,Forward,K. Mbapp\u00e9,22.38567885835451
424624,Forward,O. Etebo,22.37060734950463
118,Forward,M. Depay,22.287270976833323
4498,Forward,Lucas V\u00e1zquez,22.285530606203587
25747,Forward,S. Man\u00e9,22.27750022549485
20941,Forward,A. Ljaji\u0107,22.251908792045285
3682,Forward,A. Griezmann,22.205410913395493
300485,Forward,Malcom,22.201895347701054
20418,Forward,S. El Shaarawy,22.189917647880822
15024,Forward,M. Reus,22.162776051572145
11063,Forward,Suso,22.156009675803386
8325,Forward,S. Ag\u00fcero,22.15048100314451
16025,Forward,M. Kruse,22.14224362047977
7944,Forward,W. Rooney,22.14089533533535
142755,Forward,B. Traor\u00e9,22.131497741028745
3322,Forward,Cristiano Ronaldo,22.131345923534862
15107,Forward,Raffael,22.124445790220985
8148,Forward,Iago Falqu\u00e9,22.070590773875242
3475,Forward,D. Perotti,22.061353510020922
120353,Forward,Mohamed Salah,22.051342211449697
11066,Forward,R. Sterling,22.035577279404613
14911,Forward,Son Heung-Min,22.0119256843989
3840,Forward,Iago Aspas,22.009700026175604
8278,Forward,G. Bale,21.969712628887805
3321,Forward,K. Benzema,21.942075234176386
28122,Forward,Y. Benzia,21.93853003349954
21077,Forward,A. G\u00f3mez,21.923251932956404
286390,Forward,O. Demb\u00e9l\u00e9,21.911237427310812
7972,Forward,L. Su\u00e1rez,21.9089239224863
231139,Forward,K. Coman,21.890714085626747
122,Forward,D. Mertens,21.864895654175115
134513,Forward,A. Martial,21.860084232610895
21376,Forward,G. Caprari,21.84530492962634
90880,Forward,S. Mendoza,21.81798444309908
20420,Forward,Z. Ibrahimovi\u0107,21.80935268352876
3323,Forward,G. Higua\u00edn,21.704937529476307
20663,Forward,C. Th\u00e9r\u00e9au,21.694722577751435
70129,Forward,Rodrigo,21.67897681103127
276211,Forward,A. Saint-Maximin,21.671432106330816
25715,Forward,R. Rodelin,21.639850758925615
276944,Forward,J. Bamba,21.63701114188418
14732,Forward,T. M\u00fcller,21.62696923483765
244335,Forward,K. Dolly,21.622318140566723
25622,Forward,T. Hazard,21.61968972989368
70974,Forward,Iuri Medeiros,21.607191418484742
3685,Forward,C. Vela,21.601934603200085
3451,Forward,Adri\u00e1n L\u00f3pez,21.598514728710324
15533,Forward,M. Terrazzino,21.563100203555983
21384,Forward,C. Immobile,21.55292986017422
3313,Forward,Jos\u00e9 Callej\u00f3n,21.54901548085494
48318,Forward,Jonathan Cafu,21.533685450265708
14789,Forward,A. Sch\u00fcrrle,21.521181615324288
3360,Forward,Pedro,21.519507753698946
247671,Forward,N. P\u00e9p\u00e9,21.509707464111138
208696,Forward,M. Politano,21.50696240140004
15808,Forward,Roberto Firmino,21.504126439530292
372753,Forward,Francis Guerrero,21.49707490570301
352993,Forward,Y. Karamoh,21.48576007229766
26638,Forward,K. Toko Ekambi,21.46774233993524
14817,Forward,R. Lewandowski,21.448345761856988
105619,Forward,A. Mehmedi,21.431733595089344
86307,Forward,L. Vietto,21.419392352107774
277002,Forward,F. Diabat\u00e9,21.418079869239573
388267,Forward,L. Bailey,21.417293799981056
344744,Forward,J. Ikon\u00e9,21.415767358037698
3348,Forward,Deulofeu,21.39633595256096
7904,Forward,S. Kalou,21.3811600061913
491409,Forward,M. Barrow,21.374674554963313
69411,Forward,A. Kramari\u0107,21.35111935536232
134484,Forward,A. Ciciretti,21.349381020655528
20948,Forward,S. Joveti\u0107,21.34260537039246
134769,Forward,Y. Carrasco,21.321192770941572
21123,Forward,S. Verdi,21.30598166960153
15198,Forward,E. Choupo-Moting,21.301085530540675
105622,Forward,A. Yarmolenko,21.286031519260362
3358,Forward,Cristian Tello,21.27558363425733
276983,Forward,I. Mbenza,21.271451245683448
21177,Forward,G. Pandev,21.25394031975585
7945,Forward,D. Welbeck,21.235316999295577
50023,Forward,J. Drmic,21.233333919847833
173214,Forward,T. Werner,21.215873599067677
4440,Forward,Borja Valle,21.21391594039718
8326,Forward,M. Balotelli,21.211818894828454
23149,Forward,G. Defrel,21.207789889793755
25410,Forward,A. Pl\u00e9a,21.20438550161902
5400,Forward,Gerard Moreno,21.19908500374282
8717,Forward,H. Kane,21.19759469313069
14707,Forward,C. Pizarro,21.193564074753876
224801,Forward,I. Bebou,21.19268754950639
7907,Forward,D. Sturridge,21.188862038611045
340386,Forward,Gabriel Jesus,21.187919802622204
21174,Forward,E. Cavani,21.178034838436115
70125,Forward,Nolito,21.176752950903673
350032,Forward,C. \u00dcnder,21.172112220898455
334552,Forward,F. Kamano,21.170227014576188
3291,Forward,Paco Alc\u00e1cer,21.1500951765497
237034,Forward,Gon\u00e7alo Guedes,21.141786873587915
258264,Forward,L. Jovi\u0107,21.136076919526882
209400,Forward,D. Berardi,21.13252225279569
454457,Forward,E. Brignola,21.13031943039624
25413,Forward,A. Lacazette,21.121862053159894
22578,Forward,N. Sansone,21.120877722447133
250134,Forward,Luiz Ara\u00fajo,21.11276908368463
328131,Forward,C. Akolo,21.0911240088735
285508,Forward,K. Iheanacho,21.07569576465411
338249,Forward,Gil Dias,21.0739434697694
26042,Forward,K. Monnet-Paquet,21.071167317041006
394006,Forward,M. Terrier,21.060989899212164
403546,Forward,Lee Seung-Woo,21.05805146939661
8327,Forward,E. D\u017eeko,21.043728928490474
23314,Forward,Diego Farias,21.034101411324013
25889,Forward,R. Hamouma,21.022401726674115
21655,Forward,A. Stoian,21.01449448405496
25923,Forward,N. de Pr\u00e9ville,21.01079749117391
397178,Forward,M. Rashford,21.0088999421906
9637,Forward,J. King,21.008590087556925
20450,Forward,Bojan,21.007875980414173
86338,Forward,L. Ocampos,20.99664318583624
254408,Forward,\u00c1. Correa,20.995413313465694
14734,Forward,N. Petersen,20.994323493403318
25571,Forward,J. Ayew,20.993896065319007
228946,Forward,M. Cornet,20.980379038564532
286553,Forward,A. El Ghazi,20.977532090179793
65180,Forward,M. Gregoritsch,20.973389694755593
99452,Forward,A. Milik,20.965026139030336
295761,Forward,S. Grandsir,20.962157242302684
116283,Forward,D. Rol\u00e1n,20.96001256767298
15231,Forward,K. Volland,20.950770751872497
91381,Forward,J. Izquierdo,20.944969020260455
14703,Forward,M. Arnautovi\u0107,20.941782038051795
86517,Forward,P. De Blasis,20.936947072186243
11156,Forward,M. Trotta,20.93264619028331
3324,Forward,\u00c1lvaro Morata,20.930229514275112
3576,Forward,Juanmi,20.92821907339801
246175,Forward,A. Petagna,20.92523378983694
101707,Forward,F. Smolov,20.919429550569525
377071,Forward,Richarlison,20.911421966906584
339791,Forward,\u00c1lex Berenguer,20.910602459676078
38094,Forward,I. Ezekiel,20.89335871438775
7879,Forward,T. Walcott,20.886215940659433
14943,Forward,M. Mand\u017euki\u0107,20.884720666730548
21322,Forward,M. D'Alessandro,20.8806745530375
21296,Forward,R. Palacio,20.87956563878308
3450,Forward,R. Falcao,20.87698405728521
8958,Forward,J. Rodriguez,20.866460383030226
25411,Forward,J. Briand,20.859682259348144
3326,Forward,Jes\u00e9 Rodr\u00edguez,20.849988914683635
247141,Forward,I\u00f1aki Williams,20.84812991932156
7905,Forward,R. Lukaku,20.847473503215095
26010,Forward,O. Giroud,20.824763251721116
165431,Forward,K. Karaman,20.82263987404279
86243,Forward,D. Zapata,20.796596494591906
1751,Forward,O. Tannane,20.79381313635173
20449,Forward,F. Borini,20.7839110747208
99453,Forward,P. Nakoulma,20.774700846535385
20764,Forward,L. Muriel,20.772907137375828
5911,Forward,Sandro,20.76999528550256
343925,Forward,D. Verde,20.751245233280148
3327,Forward,Joselu,20.747114925027
20626,Forward,Eder,20.74148938093871
40770,Forward,Willian Jos\u00e9,20.735356180718576
94831,Forward,Y. \u014csako,20.73506359531421
230883,Forward,Ayoze P\u00e9rez,20.734490585924792
25867,Forward,P. Aubameyang,20.73313049639207
5268,Forward,Sergio Le\u00f3n,20.73198402532056
4338,Forward,Diego Costa,20.73086922669849
16436,Forward,C. Quaner,20.72621355872551
37948,Forward,A. Finnbogason,20.72258413470723
250885,Forward,Santi Mina,20.720276041097584
258254,Forward,L. Waldschmidt,20.717967799712664
38093,Forward,M. Batshuayi,20.705067205938285
259292,Forward,F. Di Francesco,20.704713965467217
269152,Forward,G. Simeone,20.697474307392067
14705,Forward,N. F\u00fcllkrug,20.69563710570258
105541,Forward,Lucas P\u00e9rez,20.695173249188134
25795,Forward,W. Ben Yedder,20.689744188666175
3577,Forward,S. Rond\u00f3n,20.677324520723644
15085,Forward,S. Wagner,20.67258011908931
3816,Forward,Sergio Garc\u00eda,20.667983819697216
15292,Forward,M. Uth,20.66290500926716
20479,Forward,F. Quagliarella,20.662868654870174
410031,Forward,M. Kean,20.662697334083177
25572,Forward,A. Ayew,20.658609020804455
274970,Forward,A. Mendy,20.65413434614218
15020,Forward,M. Leckie,20.648558554094915
234359,Forward,P. Schick,20.64283496121385
206314,Forward,M. Icardi,20.64251895293809
56274,Forward,Y. Poulsen,20.640691597017845
25860,Forward,M. Gradel,20.63760705851456
219350,Forward,A. Niane,20.636516856997144
254649,Forward,T. Asano,20.63635587561344
25512,Forward,S. Haller,20.634023568503896
26547,Forward,B. Ketkeophomphone,20.617871103769446
279780,Forward,J. Augustin,20.617174844061662
24269,Forward,M. Coda,20.610560856305373
256480,Forward,B. Keita,20.61020464164058
334817,Forward,L. Boy\u00e9,20.600667064712617
135927,Forward,Andr\u00e9 Silva,20.595369672195826
7970,Forward,A. Carroll,20.589798828837015
254189,Forward,Ivi,20.589355761453696
264989,Forward,F. Mubele,20.58798924477146
271990,Forward,L. H\u00f6ler,20.586668875246765
15543,Forward,S. Zoller,20.585759332181176
12536,Forward,D. Gayle,20.568768739400554
134494,Forward,V. Germain,20.563993113799853
263490,Forward,S. Guirassy,20.56072428406821
20478,Forward,A. Matri,20.55857134415984
293862,Forward,Nacho Gil,20.558340636102276
19392,Forward,M. Philipp,20.550539548480575
250956,Forward,F. Ricci,20.55000534773045
25605,Forward,E. Sala,20.54688244555445
14763,Forward,S. Okazaki,20.542792323684374
25577,Forward,L. R\u00e9my,20.526381119117364
25898,Forward,M. Niang,20.5217100800901
149054,Forward,W. Sa\u00efd,20.518068347763734
135810,Forward,M. Pjaca,20.512963685621695
64995,Forward,G. Burgstaller,20.48484732343955
9206,Forward,C. Wood,20.48296175613255
255670,Forward,C. Lombardi,20.482122518845085
25809,Forward,E. Rivi\u00e8re,20.47774881499879
259946,Forward,A. Pe\u00f1aranda,20.477131612572528
8677,Forward,M. Antonio,20.4762896295769
385273,Forward,Charles,20.473566718989705
3293,Forward,P. Piatti,20.47148146796393
25741,Forward,Y. N'Gbakoto,20.453823081895475
240042,Forward,D. Kownacki,20.450207665549758
328336,Forward,M. Fares,20.445646370902253
7623,Forward,L\u00e9o Baptist\u00e3o,20.444270502563132
25716,Forward,N. Roux,20.442056799817447
20728,Forward,Jonathas,20.44115452098439
239843,Forward,Z. Bakkali,20.435997176881198
7908,Forward,Fernando Torres,20.43467964548158
229697,Forward,Y. Bammou,20.4327403681508
3875,Forward,Borja Bast\u00f3n,20.43089483088053
278278,Forward,Munir,20.42588730739134
354997,Forward,S. C\u00f3rdova,20.42113520322973
8953,Forward,C. Austin,20.419994381053343
252589,Forward,B. Petkovi\u0107,20.418444941176425
266885,Forward,M. Olunga,20.41359811566858
86489,Forward,L. Alario,20.41330901480097
5167,Forward,Mariano D\u00edaz,20.411131874397512
37831,Forward,C. Bacca,20.410884189620685
28073,Forward,S. Ngom,20.41018542966241
32636,Forward,C. Tosun,20.40958941090685
243931,Forward,Q. Cornette,20.409451264274402
55968,Forward,M. Braithwaite,20.403517185085683
3605,Forward,Jorge Molina,20.398787572940837
7941,Forward,J. Hern\u00e1ndez,20.395612630301148
498357,Forward,I. Niane,20.385605982624437
333913,Forward,K. Lasagna,20.376316158120932
119630,Forward,I. Slimani,20.3756998334502
364820,Forward,Loren Mor\u00f3n,20.361246834944236
20947,Forward,A. Cerci,20.358124281628772
22020,Forward,A. Galabinov,20.35428441507668
14945,Forward,G. Sio,20.351707012853673
28123,Forward,C. N'Jie,20.35096992389638
8416,Forward,G. Murray,20.3492353238741
22202,Forward,S. Zaza,20.34891443753144
14731,Forward,M. G\u00f3mez,20.34888795995094
245813,Forward,L. Mousset,20.348692839238115
22135,Forward,P. Iemmello,20.347400657166766
38095,Forward,S. Gakp\u00e9,20.34508971150972
38031,Forward,C. Benteke,20.342568836559447
15503,Forward,F. Niederlechner,20.335371740738154
15232,Forward,B. Wood,20.333509691409542
3937,Forward,Roger,20.331687914651567
447821,Forward,Y. En-Nesyri,20.329760464913534
12829,Forward,J. Vardy,20.3293272708971
16122,Forward,E. Kachunga,20.32630097210169
14760,Forward,M. Harnik,20.325620221399287
137161,Forward,G. Pu\u015fca\u015f,20.324433260617425
21114,Forward,M. Antenucci,20.324178165294683
21865,Forward,M. Sau,20.323868588530242
286831,Forward,D. Solanke,20.320438787567547
151,Forward,J. Guidetti,20.31857468166901
21234,Forward,A. Belotti,20.31850125777454
99511,Forward,M. St\u0119pi\u0144ski,20.31780990005041
239295,Forward,V. Parigini,20.31502686281803
265807,Forward,Jos\u00e9 Naranjo,20.310950170497335
285509,Forward,I. Success,20.310273177133656
69616,Forward,A. Rebi\u0107,20.302462094602706
49907,Forward,R. Bobadilla,20.30170797908342
3710,Forward,K. Babacar,20.300620142415124
25601,Forward,C. Diabat\u00e9,20.297878136404776
3874,Forward,Kike Garc\u00eda,20.276800849021754
293687,Forward,D. Calvert-Lewin,20.2753744266783
123,Forward,O. Toivonen,20.274529865791802
8903,Forward,T. Deeney,20.2690384274766
4048,Forward,Sergi Enrich,20.26607668887947
26543,Forward,J. Blayac,20.26568187057361
22933,Forward,L. Pavoletti,20.263500917011672
32968,Forward,N. Amrabat,20.255106531283353
228902,Forward,J. Calleri,20.243267743460162
145692,Forward,O. Niasse,20.234660621022897
26610,Forward,D. Sakho,20.223178724902436
15054,Forward,M. Diouf,20.219287868027543
14845,Forward,D. Ginczek,20.218113848842528
373768,Forward,R. Orsolini,20.21695648754164
393881,Forward,H. Toledo,20.21656041700412
26327,Forward,I. Saadi,20.213582574749932
26044,Forward,G. Sunu,20.203857924517262
228765,Forward,T. Kleindienst,20.203547446253374
20692,Forward,I. Belfodil,20.199794754920543
25745,Forward,A. Delort,20.196710447003532
366546,Forward,L. Mothiba,20.189377395325245
20949,Forward,Ryder Matos,20.18186258563131
4131,Forward,\u00c1ngel,20.18154782638881
25472,Forward,C. Bakambu,20.18109719119504
215130,Forward,Nuno Da Costa,20.18065058216337
9123,Forward,A. Barnes,20.179688669082275
344140,Forward,A. Ndiaye,20.177723264263037
25445,Forward,K. Gameiro,20.17621945896812
91519,Forward,J. C\u00f3rdoba,20.169749134099213
343951,Forward,T. Abraham,20.169491630029743
20503,Forward,S. Floccari,20.169310938870428
15200,Forward,\u00c1. Szalai,20.16098800608093
101669,Forward,A. Dzyuba,20.157464299168208
15004,Forward,I. Santini,20.14224536435137
16094,Forward,S. Terodde,20.137158838467613
337960,Forward,M. Richter,20.13274079498885
26069,Forward,H. Bazile,20.13119586081133
274435,Forward,E. \u00dcnal,20.13041550996624
99423,Forward,A. Tonev,20.12709522212649
284322,Forward,E. Ponce,20.119080532247793
395636,Forward,Maxi G\u00f3mez,20.117222914011343
301017,Forward,M. Thuram,20.113614700920596
27955,Forward,G. Laborde,20.109305079559757
28965,Forward,O. Nguette,20.1071999521853
135150,Forward,A. Cornelius,20.09986327825975
272878,Forward,A. Nalini,20.0956271818439
38436,Forward,C. Santos,20.09513368819894
3657,Forward,T. Hemed,20.09265995072333
6914,Forward,\u00c1lex Alegr\u00eda,20.087020752336713
20796,Forward,M. Destro,20.085478052503337
94764,Forward,Y. Muto,20.079155504944854
134399,Forward,D. Selke,20.07894945328233
38377,Forward,L. Depoitre,20.07835673539229
282772,Forward,B. Embolo,20.07742908823597
214654,Forward,S. Mouni\u00e9,20.075350448027763
233910,Forward,A. Donis,20.07205526651595
101635,Forward,F. Caicedo,20.071027142072822
10663,Forward,A. Gray,20.066355107346123
382,Forward,Suk Hyun-Jun,20.06545087422053
134708,Forward,D. Origi,20.05922328902561
105376,Forward,N. Kalini\u0107,20.05878738384059
8296,Forward,J. Defoe,20.05799068347551
217878,Forward,L. Diony,20.0556540412239
24964,Forward,M. Pucciarelli,20.053333962546272
6165,Forward,F. Andone,20.05319797655695
351010,Forward,P. Cutrone,20.04702335569253
471,Forward,W. Bony,20.045093924627796
93331,Forward,K. Mitroglou,20.043784219741546
26008,Forward,S. Camara,20.04279293132071
82266,Forward,L. Krej\u010d\u00ed,20.041863900318525
8384,Forward,S. Long,20.038354952567136
22699,Forward,A. Ragusa,20.034036792167793
281255,Forward,E. Mor,20.025108871885745
11669,Forward,C. Wilson,20.022882866541327
8747,Forward,P. Crouch,20.0207208063155
97582,Forward,M. Konat\u00e9,20.013203208186837
15877,Forward,A. Hahn,20.010521679370754
5481,Forward,Guerrero,19.994095997177254
230687,Forward,E. Berggreen,19.977764002184493
225946,Forward,A. Sanabria,19.965394939633835
14762,Forward,V. Ibi\u0161evi\u0107,19.96370673658707
143189,Forward,C. Ninga,19.96367613783973
3290,Forward,Aduriz,19.963573031744524
658,Forward,S. Armenteros,19.955758677915355
85438,Forward,R. Beri\u010d,19.95396473105737
21438,Forward,R. Inglese,19.94640411670745
32597,Forward,Ricardo Quaresma,19.9449069109432
21861,Forward,D. Falcinelli,19.942884941569062
412701,Forward,I. Sacko,19.932626930742494
26124,Forward,B. Jeannot,19.914935830560317
8686,Forward,H. Robson-Kanu,19.9133731417898
27354,Forward,J\u00falio Tavares,19.909914923034716
8628,Forward,F. Di Santo,19.90276239354232
20505,Forward,S. Okaka,19.89997236385258
20661,Forward,A. Paloschi,19.895820379015305
25517,Forward,Y. Sanogo,19.890838711688563
167119,Forward,Sabin Merino,19.886395062091456
491365,Forward,J. Arp,19.88612902791347
275032,Forward,E. Crivelli,19.88515224932051
69513,Forward,A. Budimir,19.880984152156184
134249,Forward,Rub\u00e9n Sobrino,19.871688526928985
134512,Forward,C. Jean,19.83853186196889
134351,Forward,B. Afobe,19.835397081354273
20476,Forward,M. Borriello,19.82027398412553
20857,Forward,M. Gabbiadini,19.819647600433914
25673,Forward,S. Bahoken,19.813408983376785
72397,Forward,Simy,19.804573166915244
234533,Forward,S. Perica,19.80089224449873
115933,Forward,G. Lapadula,19.795691558562325
86239,Forward,G. Carrillo,19.791246921961573
9127,Forward,S. Vokes,19.746182443609005
338201,Forward,E. Boateng,19.738425235500074
101795,Forward,L. Traor\u00e9,19.73472757301584
5147,Forward,Choco Lozano,19.72691297019399
20662,Forward,S. Pellissier,19.718456194718982
20422,Forward,Maxi L\u00f3pez,19.708089466876746
3714,Forward,C. Stuani,19.700827810564327
131321,Forward,C. Kouakou,19.7005231061562
276978,Forward,A. Diakhaby,19.69083665965526
239191,Forward,M. Rashica,19.682633007632777
50461,Forward,A. Sadiku,19.612351185247487
14908,Forward,M. Berg,19.57847264649714
9532,Forward,S. Berahino,19.5506602193672
285727,Forward,L. Dimata,19.542220554988617
21119,Forward,R. Meggiorini,19.54029279553206
26167,Forward,C. Beauvue,19.490843040142224
20536,Forward,G. Pazzini,19.48218058131855
105616,Forward,B. Ideye,19.43788809308903
50272,Forward,O. Kayode,19.370097928659966
149848,Forward,F. Avenatti,19.364403873054677
489417,Forward,Erik Exp\u00f3sito,19.339371365116115
253784,Forward,B. Guillaume,19.278900644430514
40806,Midfielder,Felipe Anderson,21.076996656053687
3563,Midfielder,Isco,21.00907202877596
20556,Midfielder,A. Candreva,20.748532896713744
3314,Midfielder,\u00c1. di Mar\u00eda,20.7030400392062
14727,Midfielder,A. Robben,20.69578978946885
279555,Midfielder,Iv\u00e1n Alejo,20.51939345034413
447223,Midfielder,J. Sancho,20.517854973777204
26512,Midfielder,M. Dossevi,20.505990259274324
20751,Midfielder,J. Cuadrado,20.473042209630414
105334,Midfielder,Douglas Costa,20.432272590717155
25999,Midfielder,R. Cabella,20.427212083705907
288091,Midfielder,Marco Asensio,20.40889353347018
356237,Midfielder,G. Lo Celso,20.395911831041943
38021,Midfielder,K. De Bruyne,20.3794419617649
25714,Midfielder,D. Payet,20.371593925550947
3319,Midfielder,M. \u00d6zil,20.35221623261685
447804,Midfielder,F. Chiesa,20.346615629211353
16027,Midfielder,F. Bartels,20.344524162286046
62224,Midfielder,R. Fraser,20.322336018960797
14726,Midfielder,F. Rib\u00e9ry,20.310026808311015
8422,Midfielder,W. Zaha,20.298074005983388
14812,Midfielder,I. Peri\u0161i\u0107,20.210518712289147
261127,Midfielder,A. Januzaj,20.206241474831163
230897,Midfielder,Fede Cartabia,20.20261650681917
3484,Midfielder,Luis Alberto,20.199574330467122
3282,Midfielder,Canales,20.172154957911324
225089,Midfielder,Jos\u00e9 Luis Morales,20.168709505027053
26604,Midfielder,Y. Salibur,20.165245271747498
70096,Midfielder,J. Rodr\u00edguez,20.146299592617765
190167,Midfielder,L. Spinazzola,20.137442851911608
4379,Midfielder,Jonathan Viera,20.134196372846937
26150,Midfielder,R. Mahrez,20.123271602347536
8471,Midfielder,A. Townsend,20.119905688838458
9739,Midfielder,J. Ibe,20.11847319636382
391530,Midfielder,C. Pulisic,20.11414004053385
14786,Midfielder,K. Bellarabi,20.108322670523155
37739,Midfielder,D. Praet,20.10710791082112
8317,Midfielder,David Silva,20.101632005494725
3280,Midfielder,\u00c9. Banega,20.09984686503063
105338,Midfielder,H. Mkhitaryan,20.09877373582613
226200,Midfielder,M. Lazzari,20.083593947786607
234527,Midfielder,A. Halilovi\u0107,20.064899513525276
134397,Midfielder,S. Gnabry,20.061963629636193
8287,Midfielder,L. Modri\u0107,20.058812566791765
3645,Midfielder,Chory Castro,20.05833582069347
9080,Midfielder,A. Taarabt,20.058193348019113
224896,Midfielder,G. Holtmann,20.058043880373635
241945,Midfielder,P. Sisto,20.053601840763196
54,Midfielder,C. Eriksen,20.03933257555631
15194,Midfielder,M. Risse,20.035418604054527
23386,Midfielder,L. Rizzo,20.0346775544863
15317,Midfielder,L. Bittencourt,20.034334518367064
3344,Midfielder,Rafinha,20.02642906331535
284469,Midfielder,J. Brekalo,20.015101249670803
41174,Midfielder,M. Lanzini,20.011211959016727
21291,Midfielder,V. Birsa,19.997665303083668
70156,Midfielder,A. Carrillo,19.995544892669542
3843,Midfielder,F. Orellana,19.99523848119356
230020,Midfielder,A. Iwobi,19.993352742805108
14723,Midfielder,T. Kroos,19.985464321890944
7936,Midfielder,P. Pogba,19.982630947069715
135913,Midfielder,Rony Lopes,19.979091091658645
3676,Midfielder,Illarramendi,19.975914985051944
21383,Midfielder,M. Verratti,19.97479163696857
146583,Midfielder,J. Brandt,19.973932879093255
32652,Midfielder,E. \u00c7olak,19.969549098066476
25865,Midfielder,B. Sako,19.96815330490572
112253,Midfielder,M. Fabi\u00e1n,19.967684652744982
209211,Midfielder,J. Nkololo,19.96722617391268
26100,Midfielder,N. Sliti,19.9631945944902
28117,Midfielder,R. Ghezzal,19.955330848883087
15524,Midfielder,H. \u00c7alhano\u011flu,19.954808075419628
179,Midfielder,L. Narsingh,19.95215642838127
70215,Midfielder,C. Atsu,19.9426986685534
3353,Midfielder,Iniesta,19.939519140327356
131959,Midfielder,J. Seri,19.936972788750605
173,Midfielder,R. van La Parra,19.935259747794202
14808,Midfielder,\u0130. G\u00fcndo\u011fan,19.930724159332637
22566,Midfielder,A. Florenzi,19.930385462529983
15191,Midfielder,Y. Mall\u0131,19.921146838034524
245364,Midfielder,L. San\u00e9,19.915184851368874
105378,Midfielder,Y. Konoplyanka,19.911655314073922
265673,Midfielder,Bernardo Silva,19.911466588811162
99902,Midfielder,P. Zieli\u0144ski,19.906081931510496
28115,Midfielder,N. Fekir,19.905643722451096
209209,Midfielder,F. Tait,19.898798948391445
20588,Midfielder,K. Asamoah,19.894738623507255
256084,Midfielder,Kwon Chang-Hoon,19.893213733782883
284476,Midfielder,N. Vla\u0161i\u0107,19.89298850429554
18982,Midfielder,N. Schulz,19.892716084332104
25440,Midfielder,J. Pastore,19.891976675510097
26956,Midfielder,N. Benezet,19.890088094054043
21171,Midfielder,M. Ham\u0161\u00edk,19.889389110840884
127796,Midfielder,F. Kosti\u0107,19.888693557371056
127534,Midfielder,D. Lazovi\u0107,19.88440377000196
9194,Midfielder,Y. Bolasie,19.876406981065248
105333,Midfielder,Willian,19.867402041059623
174,Midfielder,F. \u0110uri\u010di\u0107,19.863767513146385
8959,Midfielder,J. Stanislas,19.862175432370716
26384,Midfielder,G. Kakuta,19.855861054042187
289711,Midfielder,N. Ke\u00efta,19.855464620113317
3345,Midfielder,Thiago Alc\u00e2ntara,19.85390108904528
280115,Midfielder,M. Lopez,19.85098664750313
9414,Midfielder,M. Phillips,19.845843039838883
7870,Midfielder,A. Ramsey,19.844514749761213
25804,Midfielder,M. Sissoko,19.838348467208434
26285,Midfielder,A. Gon\u00e7alves,19.836263932428437
209117,Midfielder,A. Rabiot,19.83410977786586
20879,Midfielder,R. Nainggolan,19.827954290322307
263614,Midfielder,N. Amiri,19.8242343955698
37714,Midfielder,Y. El Ghanassy,19.81651493885191
4513,Midfielder,D. Cheryshev,19.815854328732108
65596,Midfielder,M. Sabitzer,19.815482397942564
20823,Midfielder,F. V\u00e1zquez,19.806832183683834
28990,Midfielder,D. Li\u00e9nard,19.80150528306642
213948,Midfielder,R. de Paul,19.792919527381866
241564,Midfielder,O. Zinchenko,19.786763705927655
25950,Midfielder,A. Knockaert,19.779419229537844
448079,Midfielder,I. Sarr,19.77674458372701
215983,Midfielder,S. Boufal,19.77226893265825
485383,Midfielder,\u00c1lex Mula,19.76859990199918
224680,Midfielder,M. Wolf,19.768107952910977
28922,Midfielder,T. Lemar,19.766949310299598
4278,Midfielder,Borja Garc\u00eda,19.762919991138872
283142,Midfielder,D. Gray,19.761826019335587
51145,Midfielder,O. Hiljemark,19.75928200040118
397046,Midfielder,H. Aouar,19.757125040937616
8013,Midfielder,M. Albrighton,19.751134795341954
25942,Midfielder,G. Imbula,19.747604995574815
235555,Midfielder,R. Loftus-Cheek,19.74655291388363
14862,Midfielder,J. Draxler,19.74460288380526
413582,Midfielder,Y. Bissouma,19.744595224023023
20593,Midfielder,R. Pereyra,19.74358397933227
7926,Midfielder,Nani,19.743012373248963
229198,Midfielder,H. Manzala,19.742119384857908
3350,Midfielder,F\u00e0bregas,19.74201148234846
134174,Midfielder,Samu Castillejo,19.733582160395166
355599,Midfielder,Mikel Oyarzabal,19.73260504176166
37796,Midfielder,D. Mili\u010devi\u0107,19.732055535879592
7873,Midfielder,J. Wilshere,19.727754697732927
93044,Midfielder,S. Darbion,19.7231797311458
221452,Midfielder,V. Grifo,19.72109310733695
20845,Midfielder,G. Bonaventura,19.72051803343445
25514,Midfielder,P. Ntep,19.716245367286778
8464,Midfielder,F. Delph,19.715548225870545
22380,Midfielder,M. Benassi,19.713959152269926
207001,Midfielder,J. Correa,19.712341379833795
265865,Midfielder,S. Milinkovi\u0107-Savi\u0107,19.710137854223433
209086,Midfielder,M. Sanson,19.707915155181283
127685,Midfielder,M. Joji\u0107,19.707041234763008
240445,Midfielder,Andreas Pereira,19.70213679995769
8140,Midfielder,A. Lallana,19.697792933516787
4015,Midfielder,Pablo Sarabia,19.695911527068375
228928,Midfielder,A. Maru\u0161i\u0107,19.69548644993781
25474,Midfielder,R. Camara,19.684815247754546
25532,Midfielder,V. Bessat,19.68334142127273
7906,Midfielder,Juan Mata,19.678856458301865
14806,Midfielder,M. G\u00f6tze,19.6683372732876
20561,Midfielder,S. Luli\u0107,19.662051952448298
3443,Midfielder,Koke,19.66075605220824
7967,Midfielder,J. Shelvey,19.658808339466336
20475,Midfielder,A. Vidal,19.657269493594118
3474,Midfielder,Jes\u00fas Navas,19.65631352349524
7868,Midfielder,A. Oxlade-Chamberlain,19.655670941333877
3384,Midfielder,A. Guardado,19.65517253341488
404219,Midfielder,M. Cuisance,19.650512957177614
15278,Midfielder,C. Clemens,19.64899111004282
50812,Midfielder,J. Durmaz,19.647914149451093
366760,Midfielder,L. Coulibaly,19.64748713931659
15695,Midfielder,M. Heller,19.647325799233997
13484,Midfielder,D. Alli,19.6463021303862
4014,Midfielder,Pedro Le\u00f3n,19.64281329640006
359847,Midfielder,Alfonso Pedraza,19.642261853386355
20935,Midfielder,R\u00f4mulo,19.638225145117296
372915,Midfielder,A. Harit,19.63644225018651
14836,Midfielder,T. Inui,19.636136542274695
49876,Midfielder,G. Xhaka,19.6347423547333
86301,Midfielder,L. Castro,19.631279967641028
7934,Midfielder,J. Lingard,19.628938962089183
70965,Midfielder,Jo\u00e3o M\u00e1rio,19.62755373827824
3320,Midfielder,N. \u015eahin,19.623057640026694
4375,Midfielder,Vitolo,19.62191928174304
14989,Midfielder,D. Caligiuri,19.61830429767582
15456,Midfielder,F. Klaus,19.608374305972763
49872,Midfielder,X. Shaqiri,19.60799848906269
40550,Midfielder,Paulinho,19.60402878537742
14866,Midfielder,Jurado,19.602558514352847
62389,Midfielder,A. Mooy,19.598944783424102
278383,Midfielder,\u00c1lvaro Jim\u00e9nez,19.59795584031081
228981,Midfielder,B. Bourigeaud,19.59701923873869
254898,Midfielder,Kenedy,19.58883050538493
14816,Midfielder,S. Kagawa,19.588598522968248
209091,Midfielder,C. Tolisso,19.583664506323473
3571,Midfielder,Joaqu\u00edn,19.582744756321947
8530,Midfielder,J. McClean,19.57760346728888
25649,Midfielder,Y. M'Vila,19.57208654545371
391606,Midfielder,T. Ito,19.57004730379123
256992,Midfielder,A. Fulgini,19.567688142183503
9419,Midfielder,T. Ince,19.567135415011112
294695,Midfielder,T. Ndomb\u00e8l\u00e9,19.564343179638655
15129,Midfielder,D. Didavi,19.564277545057397
285109,Midfielder,F. Kessi\u00e9,19.55882072684383
347200,Midfielder,C. Nkunku,19.556094553724684
15276,Midfielder,M. Weiser,19.5543860612019
25743,Midfielder,B. Sarr,19.551513962875354
25461,Midfielder,R. Boudebouz,19.550593357280427
69968,Midfielder,M. Brozovi\u0107,19.549377731213298
69404,Midfielder,M. Kova\u010di\u0107,19.544572353079964
3934,Midfielder,N. El Zhar,19.54406488941195
330387,Midfielder,M. Coco,19.543894861420963
77552,Midfielder,N. Dyer,19.540375518654177
366571,Midfielder,F. Maouassa,19.535627613469178
3420,Midfielder,Susaeta,19.528909282544344
412897,Midfielder,Dani Raba,19.52880444144695
4879,Midfielder,Carles Gil,19.52469355240641
261,Midfielder,N. Chadli,19.524027386971905
20441,Midfielder,E. Lamela,19.523494875684978
20404,Midfielder,B. Cristante,19.522928220238114
20689,Midfielder,G. Ram\u00edrez,19.522032209085708
22695,Midfielder,N. Viola,19.52180452315636
37836,Midfielder,M. Lestienne,19.521089319445185
25403,Midfielder,J. Ferri,19.519502352940773
25776,Midfielder,W. Khazri,19.516952432599677
3678,Midfielder,Xabi Prieto,19.514437330680597
105339,Midfielder,Fernandinho,19.50812492821137
258162,Midfielder,Renato Sanches,19.50705782656132
18550,Midfielder,E. Can,19.5059059767077
285457,Midfielder,H. Ma\u00efga,19.5035404910976
3476,Midfielder,I. Rakiti\u0107,19.50115084577562
8625,Midfielder,V. Moses,19.499631497218335
8116,Midfielder,N. Redmond,19.493856099957284
14864,Midfielder,L. Holtby,19.49114256906613
41056,Midfielder,Thiago Mendes,19.490336490415938
284315,Midfielder,M. Rog,19.486026468607758
223560,Midfielder,L. \u00d6ztunali,19.48367062121494
21025,Midfielder,R. Saponara,19.481727446816897
20525,Midfielder,J. Obi,19.47978227309656
408827,Midfielder,B. Srarfi,19.474888316553226
246061,Midfielder,F. Bernardeschi,19.469800888829383
116171,Midfielder,Jo\u00e3o Pedro,19.46845607098863
8290,Midfielder,A. Pritchard,19.467752824328734
21315,Midfielder,Jorginho,19.466026183035623
406682,Midfielder,A. Lookman,19.4644406859517
65055,Midfielder,F. Kainz,19.462375949707873
116349,Midfielder,M. Vecino,19.46114832193227
3287,Midfielder,Portu,19.461012310191997
425925,Midfielder,K. Havertz,19.45710599928336
5791,Midfielder,Juanpi,19.45525630715728
9227,Midfielder,M. Ritchie,19.449483092993475
272363,Midfielder,M. Dahoud,19.449259628497
93,Midfielder,J. Gu\u00f0munds\u00adson,19.448939621036626
383,Midfielder,D. Tadi\u0107,19.448537160143996
328333,Midfielder,L. Pellegrini,19.444145630569263
326523,Midfielder,Dani Ceballos,19.44396255181065
15937,Midfielder,D. Demme,19.44276894142018
372752,Midfielder,Carlos Soler,19.43943311766004
26508,Midfielder,R. Cohade,19.434929311265428
345707,Midfielder,B. \u00d6zcan,19.43317570025317
9293,Midfielder,M. Pugh,19.431782888434523
279538,Midfielder,Marcos Llorente,19.430349148423385
325781,Midfielder,J. Lea Siliki,19.427858575210873
209028,Midfielder,A. Thomasson,19.427687362526438
8319,Midfielder,J. Milner,19.422758904077313
3542,Midfielder,Trigueros,19.4224544881963
340920,Midfielder,L. Blas,19.41997244869709
25407,Midfielder,C. Grenier,19.41636678254362
116269,Midfielder,D. Laxalt,19.415783208308
20443,Midfielder,M. Pjani\u0107,19.415453848841775
234138,Midfielder,J. Repas,19.411518185424455
275243,Midfielder,S. Khaoui,19.409966990211537
49869,Midfielder,F. Frei,19.40846727713173
3286,Midfielder,Dani Parejo,19.40717668581319
28292,Midfielder,A. Doucour\u00e9,19.405618406454376
344075,Midfielder,I\u00f1igo C\u00f3rdoba,19.404112499331994
18591,Midfielder,J. Hofmann,19.402972264740672
8533,Midfielder,S. Sess\u00e8gnon,19.400984928411432
51132,Midfielder,E. Forsberg,19.400009882747355
247248,Midfielder,S. March,19.3987627342769
21169,Midfielder,B. D\u017eemaili,19.39626061974545
346195,Midfielder,Fabi\u00e1n,19.393839494838463
332605,Midfielder,Ramadan Sobhi,19.388689679189287
40726,Midfielder,Allan,19.38652242371297
16432,Midfielder,Caiuby,19.385038022446306
3539,Midfielder,H. P\u00e9rez,19.38472312523725
217872,Midfielder,J. Iloki,19.384404393169213
149076,Midfielder,V. Eysseric,19.384320290676605
277629,Midfielder,P. Lees Melou,19.384025186675785
399676,Midfielder,Pablo Fornals,19.377357299041343
138174,Midfielder,K. Linetty,19.376673858197428
49991,Midfielder,R. Freuler,19.375052560739785
28230,Midfielder,A. Tameze,19.37380763674304
7964,Midfielder,J. Henderson,19.373404060202677
49997,Midfielder,S. Zuber,19.371293348119202
240070,Midfielder,H. Winks,19.36998079735965
366542,Midfielder,J. Reine-Adelaide,19.366560843226445
300669,Midfielder,A. Bali\u0107,19.366426446784658
247220,Midfielder,Jason,19.365243433313243
82518,Midfielder,V. Darida,19.35826817414037
16110,Midfielder,K. Kampl,19.354615561526607
210044,Midfielder,E. Dier,19.34562591939062
43196,Midfielder,Som\u00e1lia,19.343699363030716
83836,Midfielder,A. Maxim,19.34093659711214
20653,Midfielder,P. Hetemaj,19.340164916338715
20690,Midfielder,S. Ta\u00efder,19.334051715433556
293686,Midfielder,J. Murphy,19.334006269134097
366401,Midfielder,A. Zambo Anguissa,19.332142046848237
20448,Midfielder,F. Viviani,19.32983853198703
25406,Midfielder,Y. Gourcuff,19.329825314229527
8561,Midfielder,M. Noble,19.327329361241507
7961,Midfielder,C. Adam,19.325747283669955
26311,Midfielder,R. Amalfitano,19.324487323265036
22383,Midfielder,A. Duncan,19.32404324901094
22323,Midfielder,L. Memushaj,19.323696421973523
89559,Midfielder,C. Ar\u00e1nguiz,19.32354969970941
247207,Midfielder,Joan Jord\u00e1n,19.319457169654136
3346,Midfielder,Sergio Busquets,19.31889440697726
228983,Midfielder,W. Cyprien,19.317194620262015
136011,Midfielder,M. Ga\u0107inovi\u0107,19.313408707986557
3423,Midfielder,Ibai G\u00f3mez,19.31102246052745
25541,Midfielder,J. Veretout,19.307725453712788
14754,Midfielder,C. Gentner,19.305745979584227
220359,Midfielder,P. Farag\u00f2,19.30426364475353
302518,Midfielder,L. Cook,19.303848263336615
3416,Midfielder,Javi Mart\u00ednez,19.302209877119154
286223,Midfielder,N. Barella,19.301260595494824
408293,Midfielder,Javi Ontiveros,19.298729700788883
15777,Midfielder,D. Baier,19.298484740411293
20468,Midfielder,E. Giaccherini,19.298058164550294
15526,Midfielder,P. Gro\u00df,19.290063945502276
15811,Midfielder,S. Rudy,19.28209522980838
27646,Midfielder,P. Capelle,19.28209155878936
224971,Midfielder,E. Thommy,19.280626791914646
280383,Midfielder,E. Bardhi,19.273969157918337
30437,Midfielder,F. Mollet,19.272575522742986
217031,Midfielder,Thomas,19.26956648409241
3315,Midfielder,L. Diarra,19.267263691276327
354547,Midfielder,J. Jankto,19.26664230222856
269490,Midfielder,F. Kath,19.26551375999786
4362,Midfielder,Momo,19.25926677231195
437636,Midfielder,J. Deminguet,19.25187684241837
31528,Midfielder,N. Kant\u00e9,19.249696975310545
21507,Midfielder,D. Baselli,19.24969456923791
14696,Midfielder,Z. Junuzovi\u0107,19.242473789691868
399576,Midfielder,T. Stavitski,19.242443052658697
302600,Midfielder,S. Serdar,19.24010091753391
25871,Midfielder,Y. Ravet,19.239853638709405
33032,Midfielder,K. Grosicki,19.23865128253617
225948,Midfielder,Rub\u00e9n Pe\u00f1a,19.236502881860932
11152,Midfielder,M. Demb\u00e9l\u00e9,19.236409099783756
14804,Midfielder,J. B\u0142aszczykowski,19.23542730174779
14781,Midfielder,L. Bender,19.234478282308622
260002,Midfielder,V. Rongier,19.234149720397834
20812,Midfielder,A. Acquah,19.231344500825802
8323,Midfielder,Denis Su\u00e1rez,19.229492515046978
4683,Midfielder,A. Szymanowski,19.22411323969536
20850,Midfielder,L. Cigarini,19.22338424426927
8981,Midfielder,W. Hughes,19.220120597387655
3708,Midfielder,Jairo Samperio,19.219648375997814
25835,Midfielder,F. Sammaritano,19.21902078982685
116,Midfielder,G. Wijnaldum,19.2090873650669
9623,Midfielder,R. Brady,19.207283908254045
135561,Midfielder,F. Grillitsch,19.206753315704542
335763,Midfielder,J. Sambia,19.203588422176338
3535,Midfielder,J. de Guzm\u00e1n,19.20088810722945
26381,Midfielder,B. Corgnet,19.199143460650326
246946,Midfielder,E. Skhiri,19.196052887525738
43051,Midfielder,Gabriel,19.195395161242356
265172,Midfielder,A. Bar\u00e1k,19.193725939427473
69400,Midfielder,M. Badelj,19.192240040328155
21620,Midfielder,J. Kurti\u010d,19.192174860198808
4488,Midfielder,Sa\u00fal,19.190180099250636
15018,Midfielder,P. Herrmann,19.188536995397598
226005,Midfielder,Burgui,19.187578298579524
70403,Midfielder,Adrien Silva,19.181943426993207
3413,Midfielder,Ander Herrera,19.18185151973466
26314,Midfielder,L. Deaux,19.180822337420754
15942,Midfielder,L. Rupp,19.174796067912464
349102,Midfielder,S. Omeonga,19.170929145752996
25826,Midfielder,B. Andr\u00e9,19.166989345770876
247219,Midfielder,V\u00edctor Camarasa,19.165932635736507
4969,Midfielder,Tana,19.16577813348623
211885,Midfielder,Andr\u00e9 Gomes,19.165522441848598
40756,Midfielder,Casemiro,19.16477723662562
25623,Midfielder,G. Kondogbia,19.163136112366963
14722,Midfielder,Luiz Gustavo,19.163073650963835
26652,Midfielder,D. Wass,19.16087505688551
279734,Midfielder,V. Koziello,19.156485117465454
208652,Midfielder,V. Lazaro,19.15495428875287
207143,Midfielder,Fabinho,19.15422008337207
134387,Midfielder,L. Goretzka,19.15393318623115
395114,Midfielder,Zubeld\u00eda,19.152976800574965
218896,Midfielder,O. Duda,19.15133902728736
77558,Midfielder,G. Sigur\u00f0sson,19.150649980469687
3318,Midfielder,S. Khedira,19.14897556861082
8351,Midfielder,A. Surman,19.148169681383802
29641,Midfielder,B. Pel\u00e9,19.147326512106194
29640,Midfielder,M. Lemina,19.144516724616103
25504,Midfielder,S. Me\u00eft\u00e9,19.144405734706822
327009,Midfielder,Walace,19.14363728739688
207164,Midfielder,B. N'Diaye,19.138678167157895
38015,Midfielder,S. Peeters,19.137093453275572
25647,Midfielder,J. F\u00e9ret,19.135187660079346
134508,Midfielder,S. Fofana,19.13499421547454
20401,Midfielder,A. Aquilani,19.134179147836917
3543,Midfielder,Borja Valero,19.13411939383973
25829,Midfielder,P. Lasne,19.13246947141741
70122,Midfielder,N. Mati\u0107,19.130861927394097
346071,Midfielder,O. Burke,19.130204092149764
246063,Midfielder,S. Sensi,19.129927110310767
114,Midfielder,K. Strootman,19.129428919734444
9283,Midfielder,H. Arter,19.12874375823526
256478,Midfielder,D. Cataldi,19.128716788284134
134797,Midfielder,Hernani,19.126380199939263
3803,Midfielder,Sergi Darder,19.12188733057486
25706,Midfielder,I. Gueye,19.120569979187657
279717,Midfielder,A. Maitland-Niles,19.120216673585087
3538,Midfielder,M. Wakaso,19.119249766537205
20470,Midfielder,C. Marchisio,19.111570554456673
5195,Midfielder,Omar Ramos,19.10986501812025
25805,Midfielder,F. Tabanou,19.10981501490525
61967,Midfielder,V. Wanyama,19.109342506450005
333571,Midfielder,L. Torreira,19.107689523252226
303357,Midfielder,P. Billing,19.105601272071386
208716,Midfielder,A. Sch\u00f6pf,19.105203874782838
70092,Midfielder,S. Defour,19.104949751557022
51013,Midfielder,R. Quaison,19.101966982985385
217052,Midfielder,R. Steffen,19.101859606899247
4509,Midfielder,Omar Mascarell,19.101839563377634
208089,Midfielder,I. Fossum,19.100716041238403
70834,Midfielder,Guilherme,19.100251098187048
214062,Midfielder,\u00c1lex Granell,19.099159322829824
149062,Midfielder,T. Dingom\u00e9,19.098719524538726
25439,Midfielder,T. Motta,19.09818475550583
26120,Midfielder,T. Mangani,19.097355502501852
339789,Midfielder,Mikel Merino,19.096364040293874
14706,Midfielder,A. Hunt,19.096358555734835
20623,Midfielder,R. Soriano,19.094862620813156
14770,Midfielder,G. Castro,19.088825923741478
25888,Midfielder,F. Fajr,19.08838476779889
29590,Midfielder,E. Bourgaud,19.08580812356082
3503,Midfielder,Ra\u00fal Garc\u00eda,19.0856770275132
15188,Midfielder,J. Baumgartlinger,19.077344022362066
22381,Midfielder,Daniel Bessa,19.072263624855307
15141,Midfielder,A. Esswein,19.07178740069815
21894,Midfielder,Keko,19.07130007266705
3568,Midfielder,Recio,19.070469631731257
20911,Midfielder,P. Schiattarella,19.068635761887535
25704,Midfielder,F. Balmont,19.067416935390398
120339,Midfielder,Mohamed Elneny,19.067080302933324
135114,Midfielder,P. H\u00f8jbjerg,19.06616791994514
5290,Midfielder,Mikel Rico,19.064796345115603
25939,Midfielder,M. Diallo,19.06399649479277
257750,Midfielder,Thiago Maia,19.059410092558835
7986,Midfielder,M. Abeid,19.056420252983195
8976,Midfielder,T. Carroll,19.05607001486893
241676,Midfielder,R. Gagliardini,19.054745905235375
61962,Midfielder,Sung-Yeung Ki,19.053293487009725
26000,Midfielder,B. Dabo,19.053085078275153
70093,Midfielder,Jo\u00e3o Moutinho,19.0524837771666
25437,Midfielder,B. Matuidi,19.051250654322377
15781,Midfielder,Ja-Cheol Koo,19.047691066857762
25798,Midfielder,E. Capoue,19.046970727270576
353236,Midfielder,T. Davies,19.045232673551432
340019,Midfielder,Gerson,19.04343710900774
262,Midfielder,L. Fer,19.041955140855563
8620,Midfielder,M. Diam\u00e9,19.039438588093958
413737,Midfielder,S. Ascac\u00edbar,19.03721570080785
20620,Midfielder,Pedro Obiang,19.034940931871546
286226,Midfielder,M. Locatelli,19.033409008286874
134542,Midfielder,N. Mendy,19.032237957700296
247222,Midfielder,Medr\u00e1n,19.031979943388244
397033,Midfielder,B. Soumar\u00e9,19.031827964447626
20446,Midfielder,V. Verre,19.02383768523263
56025,Midfielder,M. Krohn-Dehli,19.023531399153644
20943,Midfielder,R. Montolivo,19.019876116688902
3572,Midfielder,Portillo,19.017925354441548
3470,Midfielder,Campa\u00f1a,19.014473434009787
229124,Midfielder,A. Hunou,19.013095423518543
278813,Midfielder,S. Bastien,19.011544395073145
14838,Midfielder,C. Kramer,19.011145655219913
4363,Midfielder,Vicente G\u00f3mez,19.01104797193819
26065,Midfielder,J. Martin,19.010883784558043
26389,Midfielder,Y. Sankhar\u00e9,19.009195561402347
30427,Midfielder,J. Mari\u00e9,19.008139053460972
289359,Midfielder,Y. A\u00eft Bennasser,19.005121337259492
116345,Midfielder,F. P\u00edriz,19.00397899342025
3680,Midfielder,Zurutuza,19.00189250184103
3595,Midfielder,Be\u00f1at,18.999689526043028
77557,Midfielder,W. Routledge,18.99846364414005
70123,Midfielder,A. Witsel,18.995470201965666
167641,Midfielder,S. Lobotka,18.993622712776585
5542,Midfielder,Dani Garc\u00eda,18.99287203267873
20402,Midfielder,K. Boateng,18.992066273219987
43515,Midfielder,Andrei Girotto,18.989841851417758
61988,Midfielder,S. Davis,18.989303488643117
7929,Midfielder,T. Cleverley,18.9882430038567
14863,Midfielder,M. H\u00f6ger,18.986377847525315
20529,Midfielder,A. Poli,18.983443924696186
8086,Midfielder,D. Stephens,18.983374881049908
425926,Midfielder,A. Maier,18.983237850958194
263802,Midfielder,Y. Tielemans,18.982653689246828
20438,Midfielder,D. De Rossi,18.982058044884788
367621,Midfielder,D. Geiger,18.98046179153054
265318,Midfielder,E. Fernandes,18.979165229648
8623,Midfielder,J. McArthur,18.978565580337435
21288,Midfielder,Miguel Veloso,18.976990270692983
3928,Midfielder,Vicente Iborra,18.975790697881862
221333,Midfielder,K. Demirbay,18.97560330687543
374013,Midfielder,A. Diawara,18.972497834400393
4365,Midfielder,Roque Mesa,18.96753711888363
217874,Midfielder,A. Tour\u00e9,18.964072680881927
86828,Midfielder,G. Pizarro,18.95997155026328
25470,Midfielder,S. Prci\u0107,18.959948141773662
8200,Midfielder,S. N'Zonzi,18.959873129418515
295273,Midfielder,G. Donsah,18.95626168265844
25891,Midfielder,B. Nivet,18.955999006625337
3704,Midfielder,P. Diop,18.951907809355248
269060,Midfielder,P. Hern\u00e1ndez,18.949190809198164
4256,Midfielder,Aleix Vidal,18.946354392321613
273819,Midfielder,Xeka,18.944776137344018
40800,Midfielder,Ganso,18.942641672087092
8284,Midfielder,A. Lennon,18.94252087939972
272440,Midfielder,M. Eggestein,18.942192062138037
37732,Midfielder,L. Biglia,18.94135039970443
224677,Midfielder,J. Weigl,18.937842037153
141172,Midfielder,J. Aholou,18.937566111029664
7988,Midfielder,Y. Cabaye,18.936741683556733
276920,Midfielder,V. Vada,18.931060695754773
337225,Midfielder,R. Aarons,18.9277801401016
255738,Midfielder,J. Lerma,18.920937195003447
10113,Midfielder,A. Benali,18.920872922165806
265366,Midfielder,W. Ndidi,18.920234022652295
364860,Midfielder,Rodri,18.913552801549372
4911,Midfielder,Jozabed,18.90907791683895
21350,Midfielder,M. Parolo,18.907730428573288
375001,Midfielder,I. Sangar\u00e9,18.905108322915414
3317,Midfielder,Granero,18.905092068786093
50073,Midfielder,A. Ioni\u0163\u0103,18.90089314401089
14997,Midfielder,J. Schmid,18.89776610935854
15487,Midfielder,J. Haberer,18.894291594577037
8495,Midfielder,D. Drinkwater,18.893016238237436
8370,Midfielder,C. Brunt,18.89159581995256
51151,Midfielder,M. Rohd\u00e9n,18.891218932585545
361807,Midfielder,R. Bentancur,18.889203522512485
127928,Midfielder,D. Bra\u0161anac,18.888699709362466
51004,Midfielder,C. Borges,18.887887671121195
20749,Midfielder,A. Bertolacci,18.884648629183495
228980,Midfielder,J. Gbamin,18.884040464872236
14905,Midfielder,P. Skjelbred,18.87759732793388
25596,Midfielder,J. Pla\u0161il,18.87692853108643
25800,Midfielder,\u00c9. Didot,18.874197051091766
7899,Midfielder,Oriol Romeu,18.87403737687489
4361,Midfielder,Javi Castellano,18.873444443596217
20472,Midfielder,S. Padoin,18.872876817160556
4009,Midfielder,M. Lacen,18.869868530792633
77548,Midfielder,J. Allen,18.86871280694173
25562,Midfielder,M. Amalfitano,18.86823729956686
3409,Midfielder,San Jos\u00e9,18.867939177921674
14802,Midfielder,M. Bakalorz,18.86617150041242
450784,Midfielder,\u00d3scar Melendo,18.86606875881209
466,Midfielder,D. Pr\u00f6pper,18.86389563303761
256706,Midfielder,L. Phiri,18.859560994251638
28291,Midfielder,T. Bakayoko,18.853669191503716
220341,Midfielder,R. Chibsah,18.84556082930753
263591,Midfielder,A. Deiola,18.84463615834431
28866,Midfielder,K. Azamoum,18.843010404876207
6370,Midfielder,Eraso,18.84264538330125
7989,Midfielder,D. Gosling,18.83922511429871
302799,Midfielder,R. Mandragora,18.838002516186464
90268,Midfielder,E. Pulgar,18.83739554348444
25537,Midfielder,G. Krychowiak,18.836211065344482
295569,Midfielder,Ot\u00e1vio,18.83510472299463
20655,Midfielder,L. Rigoni,18.83324352028347
8285,Midfielder,J. Livermore,18.83312270879862
302550,Midfielder,Brais M\u00e9ndez,18.829735231971245
16303,Midfielder,D. Latza,18.826758896812567
4013,Midfielder,Rub\u00e9n P\u00e9rez,18.826156240717328
134435,Midfielder,A. Grassi,18.825380495291736
37725,Midfielder,C. Kouyat\u00e9,18.821902863676183
230895,Midfielder,Pere Pons,18.821815989937484
7965,Midfielder,Lucas Leiva,18.821148304119184
3441,Midfielder,Gabi,18.820559908329937
3866,Midfielder,M. Iturra,18.815657647730877
23427,Midfielder,M. Fossati,18.81274141061586
244357,Midfielder,B. Zungu,18.810252506154242
25861,Midfielder,J. Guilavogui,18.80966297000239
25405,Midfielder,M. Gonalons,18.806826092477667
3705,Midfielder,Adri\u00e1n,18.805534561691758
8980,Midfielder,J. Hendrick,18.802442357957112
14938,Midfielder,M. Arnold,18.800261255391735
360992,Midfielder,D. Zakaria,18.794907850762677
56441,Midfielder,L. Lerager,18.79481171278011
3566,Midfielder,Camacho,18.793884096588847
20876,Midfielder,A. Ekdal,18.793736116976525
8897,Midfielder,J. Hogg,18.788670549083157
7864,Midfielder,F. Coquelin,18.78450512987026
8142,Midfielder,J. Puncheon,18.781317366991175
25995,Midfielder,B. Stambouli,18.781172445952613
21678,Midfielder,L. Del Pinto,18.769287704711978
86486,Midfielder,G. Poblete,18.769130996382007
10252,Midfielder,S. Clucas,18.76783084502099
144766,Midfielder,N. Bentaleb,18.767596136882865
11294,Midfielder,S. Arfield,18.76635209408035
140125,Midfielder,N. Radoja,18.76585271847342
54380,Midfielder,O. Seln\u00e6s,18.765558488228983
15256,Midfielder,P. Schwegler,18.76496250666975
269189,Midfielder,B. Kapustka,18.7605005867967
625,Midfielder,M. de Roon,18.759375687943574
356903,Midfielder,S. \u00d6zcan,18.75706286585682
28232,Midfielder,I. Amadou,18.75122580156993
8249,Midfielder,M. Fellaini,18.74832715340329
249926,Midfielder,A. Confais,18.748146318410107
212644,Midfielder,G. Escalante,18.746908796173628
149053,Midfielder,R. Walter,18.746208003310848
8125,Midfielder,J. Cork,18.744438160917166
471348,Midfielder,W. McKennie,18.74347300228578
282448,Midfielder,Aleix Garc\u00eda,18.743102284765325
134369,Midfielder,M. Meyer,18.73964787048725
38236,Midfielder,J. Delaplace,18.735621325003365
55990,Midfielder,T. Delaney,18.73508023153281
135937,Midfielder,Caf\u00fa,18.73175917017561
274344,Midfielder,B. Santamaria,18.730188403449183
346908,Midfielder,A. Murgia,18.729117526883545
70120,Midfielder,Javi Garc\u00eda,18.727490255782065
364005,Midfielder,F. Valverde,18.725075254811564
221376,Midfielder,M. Steinmann,18.72437713143957
14903,Midfielder,T. Rinc\u00f3n,18.72362572279681
407699,Midfielder,D. Avounou,18.722673776432437
8144,Midfielder,J. Ward-Prowse,18.72220917677907
8498,Midfielder,A. King,18.71019328663255
165425,Midfielder,D. Kohr,18.708689510777575
20816,Midfielder,\u00c9. Barreto,18.708178817153264
15782,Midfielder,J. Mor\u00e1vek,18.70782677075794
20414,Midfielder,M. Valoti,18.70761078507092
25492,Midfielder,T. Monconduit,18.707070505714633
253333,Midfielder,A. Blin,18.704650545087034
40614,Midfielder,Guilherme,18.702027756884277
22163,Midfielder,S. Missiroli,18.701471029783747
4511,Midfielder,Pedro Mosquera,18.697753232440313
397174,Midfielder,S. McTominay,18.697067753827515
134294,Midfielder,I. Hayden,18.694181690127046
29137,Midfielder,J. Grimm,18.68918740408551
20410,Midfielder,S. Muntari,18.68816344035481
22162,Midfielder,F. Magnanelli,18.686736129033314
26032,Midfielder,C. Doukour\u00e9,18.680255722025656
20815,Midfielder,A. Barberis,18.679622368434693
25650,Midfielder,V. Pajot,18.67824865893475
3797,Midfielder,V\u00edctor S\u00e1nchez,18.675195194319123
3414,Midfielder,Iturraspe,18.673468853484316
7585,Midfielder,Manu Garc\u00eda,18.670356943947
299557,Midfielder,\u00c1. Nagy,18.667252303607626
127537,Midfielder,L. Milivojevi\u0107,18.665127801146543
8291,Midfielder,Sandro,18.664175270493864
26414,Midfielder,G. N'Gosso,18.661654144024105
342743,Midfielder,L. Tousart,18.658615776977044
282804,Midfielder,K. Laimer,18.657449769494008
217078,Midfielder,D. Amartey,18.654874383726106
86309,Midfielder,B. Zuculini,18.654727267436666
21148,Midfielder,N. Rigoni,18.65025276247608
15131,Midfielder,M. Frantz,18.637815074527687
61961,Midfielder,B. Kayal,18.636278631226915
15430,Midfielder,N. H\u00f6fler,18.632571754710437
364644,Midfielder,A. Diouss\u00e9,18.6282681027741
65027,Midfielder,S. Ilsanker,18.627272233350144
26539,Midfielder,P. Oniangu\u00e9,18.6255090429534
286963,Midfielder,Vesga,18.623770799789277
138577,Midfielder,C. Philipps,18.622972501855443
22864,Midfielder,L. Mora,18.621624099602254
49982,Midfielder,A. Abrashi,18.617291457571667
7932,Midfielder,D. Fletcher,18.616973408401478
8314,Midfielder,G. Barry,18.613258109974037
94650,Midfielder,G. Haraguchi,18.606504581424286
434159,Midfielder,S. Field,18.600538507905576
21019,Midfielder,M. Valdifiori,18.58620673762524
14692,Midfielder,P. Bargfrede,18.579911253088184
331923,Midfielder,K. N'Doram,18.57635767487172
21564,Midfielder,I. Radovanovi\u0107,18.570788439629176
237269,Midfielder,S. Luki\u0107,18.56983767745384
265864,Midfielder,N. Maksimovi\u0107,18.5612918486871
8143,Midfielder,M. Schneiderlin,18.559983698787786
15823,Midfielder,D. Williams,18.557818511300894
38084,Midfielder,B. Bjarnason,18.556762347667334
4593,Midfielder,Sergio Mora,18.55641313948225
94828,Midfielder,G. Shibasaki,18.544898452632065
15253,Midfielder,M. Lehmann,18.527209092536737
22099,Midfielder,M. B\u00fcchel,18.526228847865323
14929,Midfielder,M. Hasebe,18.524155807539582
16826,Midfielder,R. Khedira,18.523491692513584
37762,Midfielder,William Carvalho,18.515476769286426
8627,Midfielder,B. Watson,18.505998564642926
25859,Midfielder,I. Diomand\u00e9,18.503727249876246
286448,Midfielder,M. Arambarri,18.49399033751105
3510,Midfielder,Timor,18.493729481628673
26518,Midfielder,C. S\u00e1nchez,18.48873058210821
3674,Midfielder,Markel Bergara,18.485931962789717
192748,Midfielder,M. James,18.48274198003506
21314,Midfielder,E. Hallfre\u00f0sson,18.482418594745837
292310,Midfielder,L. Mazzitelli,18.476101516870518
91064,Midfielder,D. Torres,18.462053708580378
25503,Midfielder,G. Mandjeck,18.46013680655478
28948,Midfielder,G. Fofana,18.453058798918402
14998,Midfielder,J. Schuster,18.44271926511048
15804,Midfielder,F. Johnson,18.442689977500248
8925,Midfielder,A. Westwood,18.44205233368768
20938,Midfielder,V. Behrami,18.434655332559686
20406,Midfielder,M. Flamini,18.42804423878786
3650,Midfielder,Tom\u00e1s Pina,18.424154085996154
3573,Midfielder,J. Toulalan,18.421058360019003
4332,Midfielder,Javi Fuego,18.420186296431204
8624,Midfielder,J. McCarthy,18.379449808712774
14757,Midfielder,Z. Kuzmanovi\u0107,18.373330875503164
22158,Midfielder,I. Cofie,18.362193095488873
20685,Midfielder,R. Krhin,18.36191579471954
45579,Midfielder,Everton Luiz,18.359746258985478
20526,Midfielder,L. Crisetig,18.355440877650402
1729,Midfielder,R. Bazoer,18.33074841879537
263091,Midfielder,Gumbau,18.31953002596015
20591,Midfielder,G. Fernandes,18.308196117670366
415809,Midfielder,F. Depaoli,18.299718845064742
86308,Midfielder,C. Yacob,18.286618853946344
17136,Midfielder,J. Gondorf,18.283209180186127
275293,Midfielder,Samu Garc\u00eda,18.2615737663594
399673,Midfielder,E. Rol\u00f3n,18.222279397869077
15455,Midfielder,J. Geis,18.219645547743134
15012,Midfielder,H. Nordtveit,18.218520889719695
20875,Midfielder,D. Dessena,18.218490177789914
419784,Midfielder,H. Choudhury,18.171168327702762
21290,Midfielder,S. Sturaro,18.166510080959902
25764,Midfielder,Y. Cahuzac,18.118945934199775
77521,Midfielder,A. Gunnarsson,18.112236971555827
8315,Midfielder,N. de Jong,18.070730802144887
349099,Midfielder,O. Mangala,18.04803041745498
20403,Midfielder,S. Calvano,17.892849379433635
302798,Midfielder,F. Cassata,17.003235355805362
